episode,return,ttm,total_steps,final_mastery,cumulative_reward,question_accuracy,content_rate,blueprint_adherence,post_content_gain,post_content_gain_video,post_content_gain_PPT,post_content_gain_text,post_content_gain_blog,post_content_gain_article,post_content_gain_handout,mean_frustration
1,37.22368067250667,140,131,0.4751725106492658,37.22368067250667,0.6153846153846154,0.6030534351145038,99.23076876439154,0.04602603241265356,0.06699051393814834,0.050938329952441436,0.031243036672671184,0.044323163171760646,0.04732676410527125,0.040584150696159574,0.18091603053435118
2,51.90970334929115,140,129,0.47246614959982275,51.90970334929115,0.9534883720930233,0.6666666666666666,98.7596889026463,0.05658279872695203,0.08289087119012827,0.059357018112438965,0.04186327466900133,0.04810857857896174,0.05208096166010473,0.042630004214930614,0.035658914728682184
3,22.54967896698991,140,124,0.4426825867601302,22.54967896698991,0.4473684210526316,0.6935483870967742,98.59649045392871,0.04845534358487609,0.07462097011070967,0.06369698631873587,0.030220480406267878,0.0459474597090451,0.03286053658390947,0.035175522651573324,0.2624193548387097
4,33.39599340335394,140,120,0.4705456353227286,33.39599340335394,0.6153846153846154,0.675,99.31623935699463,0.05884705285699328,0.07349647405424631,0.0625211783595332,0.04676721049148474,0.05937487312666215,0.054049483448892544,0.054377044422963434,0.08508333333333336
5,18.26173377990574,140,107,0.4197889117790518,18.26173377990574,0.34285714285714286,0.6728971962616822,100.0,0.0529422499936929,0.08077061186754027,0.06683215120011685,0.026475079772050804,0.04736995603506182,0.049093601316652594,0.023101361412953006,0.20401869158878505
6,22.889027151726744,140,137,0.4346975778453777,22.889027151726744,0.41025641025641024,0.7153284671532847,99.31623935699463,0.04693981176333201,0.06889840819855628,0.04086905589907642,0.03540329906964033,0.0536230560886403,0.04461520244722215,0.03642227435326461,0.25729927007299275
7,44.38292160313939,140,123,0.4960213263131007,44.38292160313939,0.8333333333333334,0.6585365853658537,99.04761807993054,0.05400657369291235,0.07443840997852018,0.06615347196278984,0.04434408811535375,0.06014243753126446,0.04280162948273504,0.03651379116979607,0.03682926829268294
8,41.46548301980222,140,105,0.47124379870270655,41.46548301980222,0.8947368421052632,0.638095238095238,98.59649045392871,0.050604036558952965,0.06804262462563014,0.056123417586706276,0.0338485717911813,0.05862194295980016,0.06314884609423707,0.03325586136346032,0.02923809523809524
9,35.27194600415772,140,127,0.45579255791319123,35.27194600415772,0.6842105263157895,0.7007874015748031,98.59649045392871,0.050314368297398056,0.07651073652050489,0.059422177917155206,0.032004833058498605,0.05219467619230936,0.04556199845158183,0.036469505733953876,0.07141732283464569
10,25.579566299773802,140,88,0.40879738922856,25.579566299773802,0.6551724137931034,0.6704545454545454,99.08045930787921,0.056407357367392275,0.08745817068717872,0.0666297923042905,0.04583900292792608,0.05110942628378936,0.04986252203946087,0.038376551262273975,0.07931818181818183
11,40.15945866220315,140,117,0.41690470802751156,40.15945866220315,0.8157894736842105,0.6752136752136753,98.59649045392871,0.05428944435732375,0.07771924069726584,0.06157273859437781,0.029839438992829686,0.05617489440367056,0.046664980798073845,0.0412947607198795,0.061709401709401715
12,20.628540403749316,140,115,0.39156172258915906,20.628540403749316,0.4444444444444444,0.6086956521739131,100.0,0.04816371968680438,0.06266621369315807,0.0542770123716748,0.03708677469155803,0.04394773350400156,0.04677892777012391,0.049097704599200515,0.46060869565217416
13,23.467138042109067,140,89,0.4110276580865885,23.467138042109067,0.6333333333333333,0.6629213483146067,100.0,0.05195842525216469,0.0781601470958718,0.05478243323700242,0.03780009230458255,0.05012899603646582,0.05753659257034882,0.03874218557749403,0.24898876404494386
14,36.64532113293046,140,136,0.46078165322964165,36.64532113293046,0.6666666666666666,0.6470588235294118,98.88888793066144,0.0441306390319643,0.06707079020985925,0.04887166846644008,0.03426317706841448,0.04559556090248027,0.03547703010657138,0.03633977621055438,0.27382352941176474
15,38.19022355569454,140,112,0.4398998331126976,38.19022355569454,0.7894736842105263,0.6607142857142857,98.59649045392871,0.05146493525469125,0.0692468477756326,0.06694519853612349,0.040845815187757685,0.05076804927665545,0.03612517528334411,0.03535103453814082,0.047767857142857154
16,33.108205227086046,140,125,0.464569820282506,33.108205227086046,0.6857142857142857,0.72,100.0,0.05158093642154233,0.07603867221684629,0.054895677237126496,0.04162471139223552,0.05662916601439616,0.04781141890093029,0.0354100748714995,0.11256000000000004
17,40.50520406767517,140,134,0.5071008950786227,40.50520406767517,0.7272727272727273,0.6716417910447762,99.39393796958029,0.04767172680793149,0.06488030717109078,0.05780178045572725,0.03306846951472068,0.05105723287918755,0.050148602252150336,0.028372610639778337,0.08268656716417912
18,33.78958469024232,140,115,0.4346027013260697,33.78958469024232,0.7647058823529411,0.7043478260869566,99.21568632125854,0.04775232231844073,0.06307127988428039,0.050726907279128756,0.035086857235532905,0.05412723344287558,0.04666629077996356,0.039653185185578546,0.06608695652173914
19,40.33746018414026,140,134,0.47682498899197123,40.33746018414026,0.6111111111111112,0.5970149253731343,99.50617253780365,0.052182414850632006,0.07396062906565179,0.04696433063084155,0.04351790539380419,0.055519145484477624,0.03711531077244047,0.043685147275169846,0.10708955223880598
20,24.933910369905725,140,98,0.41747587503066075,24.933910369905725,0.6060606060606061,0.6632653061224489,98.38383700698614,0.04917639062569316,0.0652606245232514,0.06022213967778837,0.04191682323407905,0.06108452055572422,0.04159253105790813,0.031154782443825288,0.19132653061224494
21,52.14144376359112,140,127,0.45752307163939,52.14144376359112,0.9130434782608695,0.6377952755905512,99.42029118537903,0.05441640416273373,0.08173568277425385,0.06040378344097238,0.036931031641542204,0.06576990239263793,0.0428491642205374,0.02632873959750436,0.02047244094488189
22,23.01839613393313,140,82,0.44689164177753715,23.01839613393313,0.72,0.6951219512195121,100.0,0.051297455130655666,0.06338002769441514,0.06272973117879482,0.036099410410552826,0.054112636751795784,0.05228390662226756,0.042980909955796405,0.15621951219512198
23,30.537598839419843,140,103,0.41457584870450453,30.537598839419843,0.6388888888888888,0.6504854368932039,98.51851714774966,0.056810146202746735,0.0879308732001617,0.052115638419375956,0.046061271295361174,0.0580111041297203,0.04954686900771594,0.05038049329580708,0.08766990291262138
24,23.437707148784224,140,110,0.45037235863673697,23.437707148784224,0.5151515151515151,0.7,98.38383700698614,0.04615015995518206,0.0815152865868913,0.04018746649315644,0.03391710330156306,0.03745115012762784,0.05122571888440227,0.04594195380800191,0.1333636363636364
25,8.447164954399616,140,72,0.36052699661277454,8.447164954399616,0.28,0.6527777777777778,100.0,0.04914169625421486,0.09720085207957613,0.0509925069265153,0.04730301525978151,0.032436348766736664,0.03563759267753983,0.028952948765829153,0.4212499999999999
26,20.07728542055417,140,80,0.4361139386392693,20.07728542055417,0.7,0.75,100.0,0.05121448480453101,0.08146594924125607,0.0678801159677625,0.03682265419691428,0.04893601088718412,0.05504006785664193,0.033303843861917655,0.09875000000000002
27,20.166594953238505,140,120,0.45632240308750394,20.166594953238505,0.43902439024390244,0.6583333333333333,99.34959313832223,0.04193642696059289,0.06682110438101206,0.0559520189115637,0.02888340925923208,0.03475371040550894,0.03273018358052256,0.030645517734645866,0.39208333333333345
28,9.075862785659785,140,85,0.34843721179683956,9.075862785659785,0.32,0.7058823529411765,100.0,0.04205875388684743,0.047351663442424696,0.056979845248254266,0.03787478293414382,0.04588322832302372,0.029100643268263192,0.03530892278772995,0.5331764705882353
29,37.15502124193251,140,86,0.43415865392266884,37.15502124193251,0.9393939393939394,0.6162790697674418,98.78787891939282,0.05175330288587229,0.0750289174685792,0.060861571150519364,0.04854562894307156,0.055292748422491544,0.041313770597935916,0.0393785255391744,0.02430232558139535
30,3.7848971149053487,140,46,0.38766884408135843,3.7848971149053487,0.13333333333333333,0.6739130434782609,100.0,0.0596817299325825,0.09031417083531196,0.0690978699226364,0.051656836541218255,0.057910020542478416,0.04564044491334323,0.030472078085157357,0.4084782608695653
31,15.911810858294388,140,105,0.44360591485433465,15.911810858294388,0.38461538461538464,0.6285714285714286,99.31623935699463,0.04315809325620739,0.0644888718351382,0.04565132934129847,0.03660364993601141,0.046912286608758895,0.0346510863722234,0.03364835077593562,0.4757142857142857
32,21.58112709574869,140,131,0.40518415065287916,21.58112709574869,0.4090909090909091,0.6641221374045801,99.39393796958029,0.046696468116087006,0.06878771860887438,0.052795471817771195,0.03610336901723515,0.04524567710687432,0.038914927372346544,0.04121504026999992,0.3839694656488549
33,29.08764390535481,140,83,0.39724280961442143,29.08764390535481,0.7058823529411765,0.5903614457831325,99.21568632125854,0.05358144583565076,0.07249046128364706,0.057160921607364946,0.030620548623981097,0.06503799470842503,0.04123086648685212,0.03996418813162971,0.07722891566265061
34,32.30379084236106,140,86,0.42970313934094617,32.30379084236106,0.7941176470588235,0.6046511627906976,99.21568632125854,0.05078650558739495,0.0749246347223959,0.04736324567654041,0.030565744704543596,0.06490280164393579,0.04808691387910227,0.04679822554156211,0.07058139534883724
35,28.2381241666554,140,103,0.41434984506029454,28.2381241666554,0.6052631578947368,0.6310679611650486,98.94736856222153,0.0489099956779478,0.0649513256156706,0.051578189628677745,0.03524432346599372,0.039273386212879305,0.03590459558348306,0.040535259952213666,0.19873786407766988
36,21.711757173687246,140,89,0.43189873866798645,21.711757173687246,0.5555555555555556,0.5955056179775281,99.2592602968216,0.047008184175620374,0.064219061697285,0.05425144509010043,0.03796100404234893,0.0542540209787074,0.04253205348039746,0.032056519569774906,0.32685393258426987
37,38.428290540743646,140,95,0.4099982667663234,38.428290540743646,0.7804878048780488,0.5684210526315789,98.69918525218964,0.05638138486663328,0.0805302322149087,0.05488218474967872,0.042319377881898566,0.06037884046455381,0.04640651648314485,0.035037744146257765,0.07578947368421052
38,31.389783031861878,140,139,0.43275883250891933,31.389783031861878,0.54,0.6402877697841727,100.0,0.04822361894250686,0.07336765053990225,0.05762874574374057,0.034439955486077506,0.047316863816254405,0.03617305729017006,0.035839421236295126,0.31827338129496413
39,37.87490659811169,140,114,0.4207833226673879,37.87490659811169,0.8709677419354839,0.7280701754385965,99.13978474214673,0.06120553267133284,0.08983874444564213,0.05353078418168308,0.05739050860969657,0.06572664398280213,0.052187597464876376,0.04687611099282418,0.041842105263157896
40,48.175730133778686,140,120,0.48523562844613916,48.175730133778686,0.9512195121951219,0.6583333333333333,98.69918525218964,0.05195893526471752,0.07532160519513552,0.05459162495266977,0.04050131024055315,0.05610141315308986,0.04821750270121146,0.038662771585450034,0.0205
41,18.204769319564797,140,85,0.35882992117934837,18.204769319564797,0.5172413793103449,0.6588235294117647,99.08045930787921,0.048888638672321454,0.07051292659317725,0.06082619357267062,0.03569516632921682,0.05706455597021234,0.04608638617096339,0.03572470703479651,0.34705882352941175
42,5.201717423280361,140,47,0.38231228852899835,5.201717423280361,0.3125,0.6595744680851063,98.33333399146795,0.036268667557168774,0.07499704760307566,0.042380400470374176,0.023564861560054648,0.047229161345340734,0.02503198043293556,0.02629821567020688,0.45553191489361694
43,31.157053221624857,140,120,0.478950151283357,31.157053221624857,0.5641025641025641,0.675,99.31623935699463,0.05570776235631467,0.08714436170168915,0.0595618716192382,0.03777819097739218,0.044044344364219376,0.04273814328326686,0.03957155902561021,0.08625000000000001
44,51.077263476784886,140,136,0.4982173017045196,51.077263476784886,0.9302325581395349,0.6838235294117647,98.7596889026463,0.05332673790539057,0.07150914640942743,0.0670089178969456,0.047737727072025504,0.04743606651569836,0.045324902402679515,0.038378019996139295,0.022647058823529412
45,15.487078615250569,140,95,0.34224764062734064,15.487078615250569,0.37142857142857144,0.631578947368421,100.0,0.04691241174501996,0.05016745064034747,0.06425680289824624,0.03550510666943779,0.041988550338546135,0.042011833587234246,0.03407119472450895,0.3222105263157896
46,13.25947054528094,140,85,0.40519614878512045,13.25947054528094,0.3448275862068966,0.6588235294117647,99.08045930787921,0.046509754713759996,0.06726859701624502,0.04500250626635804,0.03633430555498423,0.04220664131223754,0.04587098306000263,0.03659804967938781,0.2978823529411766
47,21.671720184923586,140,87,0.3895817067356821,21.671720184923586,0.5769230769230769,0.7011494252873564,98.97435903549194,0.0542369180721944,0.07938640016848844,0.05242635959071798,0.04348714602820273,0.03715246452205742,0.0531460212520523,0.04441113940374713,0.10114942528735635
48,21.28262046581677,140,82,0.43902700770115144,21.28262046581677,0.5666666666666667,0.6341463414634146,100.0,0.0508418065085781,0.0728589044406435,0.058018951009356355,0.0430442843342403,0.03168567958443609,0.04603617909668591,0.04264649993698698,0.1681707317073172
49,7.132290845020986,140,58,0.37050190641687625,7.132290845020986,0.2777777777777778,0.6896551724137931,97.03703727573156,0.04972186488259479,0.07672694856300645,0.058234976823352526,0.04616618119262045,0.034976053689023213,0.051988027533529386,0.032526513463771195,0.35275862068965524
50,14.815270818842789,140,103,0.43269227289170936,14.815270818842789,0.45161290322580644,0.6990291262135923,99.13978474214673,0.04051127341439117,0.06577344863610335,0.04536851083625914,0.03419195977739367,0.029023034019015286,0.03800741571850604,0.035388436666312424,0.5845631067961166
51,59.91518829100764,140,138,0.4447930335882141,59.91518829100764,0.8620689655172413,0.5797101449275363,99.08045930787921,0.05568697628880577,0.09542043007448474,0.06233169270817177,0.054206015962779235,0.04000677803929039,0.040908476329288845,0.039849258938962476,0.038115942028985515
52,33.21597161568277,140,126,0.46924447012279913,33.21597161568277,0.5909090909090909,0.6507936507936508,99.39393796958029,0.04779091702866356,0.06426769353246192,0.05835707216348325,0.038472310149797864,0.0431171765044813,0.036754137511636184,0.038167723512741024,0.13134920634920635
53,26.6470719770095,140,98,0.3935024103783916,26.6470719770095,0.6666666666666666,0.6938775510204082,100.0,0.055156719039863876,0.07580294329194327,0.06842008313450763,0.03445113620636683,0.06387854874838075,0.048176183127473765,0.04152588023322599,0.1479591836734694
54,22.271597219489927,140,128,0.4181589592442439,22.271597219489927,0.4146341463414634,0.6796875,99.34959313832223,0.05228151176152016,0.07063753171360254,0.0484308947030682,0.04662601593917161,0.05571686759076083,0.050576438978767485,0.040327447588512345,0.3353124999999999
55,44.67043001740943,140,102,0.42916713044246385,44.67043001740943,0.9487179487179487,0.6176470588235294,99.31623935699463,0.054904309363483256,0.07735758803706731,0.07298079027594631,0.04486867114531611,0.05182655364933209,0.04951585753705612,0.03567127366624268,0.029607843137254907
56,15.17694114277094,140,83,0.399764284443531,15.17694114277094,0.4642857142857143,0.6626506024096386,98.09523820877075,0.04240868288789672,0.0535931342897417,0.06049592438248461,0.032456105470991786,0.04134366489555019,0.036292245963185546,0.037306839090701,0.40626506024096404
57,37.43513495597492,140,111,0.4520991708621397,37.43513495597492,0.7209302325581395,0.6126126126126126,98.7596889026463,0.05263904402983057,0.08173747015836871,0.058777889742102025,0.04013293401543093,0.043962244962170924,0.0524905443399725,0.034584331694596904,0.13
58,33.888786614393844,140,128,0.43861568910435333,33.888786614393844,0.5531914893617021,0.6328125,99.14893507957458,0.05521768094342135,0.07681071580375605,0.0610375951411164,0.045860798838868184,0.05541800935144454,0.04203808142623367,0.03471986810056474,0.15312500000000007
59,29.321722625153008,140,90,0.40893285360353204,29.321722625153008,0.7857142857142857,0.6888888888888889,98.09523820877075,0.05391146175740901,0.08594717925395816,0.05609528587854308,0.03474532410809675,0.048240939275159454,0.05045203659424822,0.04734816761118889,0.040444444444444456
60,19.175619444974167,140,105,0.38434361736710954,19.175619444974167,0.5142857142857142,0.6666666666666666,100.0,0.03899776475714364,0.054084507908676166,0.04831473183711436,0.0342079950504385,0.030262589999228606,0.03008094206896864,0.04152772285919951,0.4827619047619049
61,35.26519908972286,140,107,0.46427536871197395,35.26519908972286,0.7777777777777778,0.6635514018691588,99.2592602968216,0.05105264563157379,0.07630601698440183,0.053784689853499636,0.03487982902686293,0.05158014790597435,0.056429645606236915,0.035225038859963684,0.08467289719626173
62,35.970806740512664,140,107,0.42580269497794687,35.970806740512664,0.8484848484848485,0.6915887850467289,98.38383700698614,0.05000353453827132,0.06748748890777286,0.05703044232902766,0.040595243912044526,0.04680785141364173,0.05488438079765989,0.03894007580456984,0.04158878504672897
63,36.98514563536454,140,111,0.46815019204153835,36.98514563536454,1.0,0.7567567567567568,98.51851761341095,0.05398176832600011,0.0687248806816844,0.0712174765197656,0.04885874172606054,0.054994963314747625,0.04529072453409643,0.03896949726628275,0.02252252252252252
64,11.242269289097472,140,90,0.38991117949423587,11.242269289097472,0.3103448275862069,0.6777777777777778,99.08045930787921,0.045822600022757815,0.061532043015405394,0.0482694743784028,0.03521412197229867,0.0428210553551869,0.05510928235583614,0.028499045467611235,0.39444444444444443
65,27.370558142337025,140,137,0.3813696628395961,27.370558142337025,0.43478260869565216,0.6642335766423357,99.42029118537903,0.054989553609211234,0.07536915757872961,0.0636010111043921,0.03721558949228788,0.050003325081828004,0.049780180990964484,0.030868574917596116,0.24321167883211683
66,28.050029562005548,140,127,0.4604442415032643,28.050029562005548,0.59375,0.7480314960629921,98.74999923631549,0.0499035553906309,0.06277201443400482,0.06797041933562666,0.03896676017212719,0.04774669239208897,0.04406294661118599,0.03990568929861781,0.11818897637795275
67,30.020962688849433,140,109,0.44938879277929317,30.020962688849433,0.5681818181818182,0.5963302752293578,99.39393796958029,0.05158937414008246,0.0790027733091423,0.061850507032898995,0.04154501983859986,0.041820677821445607,0.04353543286422388,0.043036687575691436,0.18211009174311932
68,32.96181282347962,140,83,0.402609210333971,32.96181282347962,0.9,0.6385542168674698,100.0,0.05082449900072916,0.0828678238272597,0.07266886156638723,0.02396095446978393,0.04848010595939433,0.044984975036553076,0.023978705744501266,0.032289156626506034
69,39.04122684784857,140,119,0.41703844987116945,39.04122684784857,0.6739130434782609,0.6134453781512605,99.42029118537903,0.05504371358922174,0.07380972203690263,0.047399978278107116,0.046940045460072605,0.05098558603931057,0.05537881242096631,0.041067090539497676,0.09285714285714286
70,40.8817810741147,140,138,0.4408870713147303,40.8817810741147,0.7083333333333334,0.6521739130434783,99.16666699573398,0.0445645343085999,0.06474124254028776,0.045395514679221954,0.03533722431380766,0.048226484818373584,0.042909486466481406,0.03655389352291825,0.1494202898550725
71,36.210166727093444,140,138,0.45661658443798636,36.210166727093444,0.5576923076923077,0.6231884057971014,99.23076876439154,0.05012574979364717,0.06945475532788624,0.06077170437150108,0.04319027929466243,0.05032761277893041,0.03774318626914233,0.03431545645696811,0.1431884057971015
72,54.64451454188759,140,129,0.4843836546673028,54.64451454188759,0.9565217391304348,0.6434108527131783,98.84057836607099,0.05386235387791663,0.08053770324360102,0.06183114101901374,0.036584534614459575,0.04102659435532392,0.0441718501198434,0.034412530461483896,0.012945736434108528
73,13.763423149898555,140,90,0.3993373702882377,13.763423149898555,0.35294117647058826,0.6222222222222222,99.21568632125854,0.054799858355489825,0.09187258028290472,0.056866041978282524,0.04517919345929827,0.03387992755239267,0.05249754420385806,0.034584042834551645,0.4066666666666665
74,18.089387742943703,140,120,0.4501225971690878,18.089387742943703,0.34146341463414637,0.6583333333333333,99.34959313832223,0.04711836762664128,0.06270135470415021,0.052627416930640984,0.030533743358520406,0.07138866389694809,0.0386312950809243,0.037360440166790895,0.3518333333333334
75,22.070580636848668,140,114,0.3864552455034789,22.070580636848668,0.5,0.6666666666666666,98.59649045392871,0.0451185922527605,0.07153889371814112,0.056476869497954524,0.03610374818994854,0.04977110367814597,0.03549028401911869,0.028429814250996905,0.41561403508771927
76,12.3846346847372,140,83,0.43480007502718127,12.3846346847372,0.34782608695652173,0.7228915662650602,98.26087150722742,0.05095813676684022,0.0778805028863493,0.06813846325198827,0.0293423955429195,0.04538362856274574,0.04764232848614422,0.044745515012773025,0.3250602409638555
77,9.763253005180934,140,81,0.43723976352297955,9.763253005180934,0.2857142857142857,0.7407407407407407,98.73015880584717,0.04930122269466137,0.08257426684837607,0.0504239678559949,0.022457626775148606,0.04756363649260909,0.055274104536350926,0.045353524411898286,0.2714814814814815
78,25.585633137864612,140,86,0.41489346597758825,25.585633137864612,0.6785714285714286,0.6744186046511628,98.09523820877075,0.05744298376733586,0.08956942208419062,0.06555269449341941,0.03976785493110597,0.06764083031249243,0.0473903842999402,0.04182031787418653,0.07965116279069767
79,34.09652625234104,140,135,0.5184327137571586,34.09652625234104,0.6764705882352942,0.7481481481481481,99.21568632125854,0.05326474244783816,0.08955486128043373,0.05784101651586341,0.026018660306721293,0.05953303593203774,0.036276383006646463,0.035988970578636384,0.06666666666666668
80,12.288255703350131,140,83,0.34032092766542565,12.288255703350131,0.375,0.7108433734939759,98.88888793066144,0.049105971315702726,0.08788725266725503,0.05527354114776293,0.032717416965731,0.040654969988403615,0.043680149101498075,0.033219980586952635,0.4590361445783132
81,44.3631818727775,140,123,0.4701964976334253,44.3631818727775,0.8780487804878049,0.6666666666666666,98.69918525218964,0.048175509568728854,0.0789402625582259,0.06399115400524956,0.04107662953317245,0.03910036421323052,0.037995156940231936,0.043465026748124844,0.04788617886178862
82,41.88551647661358,140,125,0.48543357282612987,41.88551647661358,0.7142857142857143,0.608,99.45578179322183,0.04659307572113173,0.07851491054766475,0.05677628024497622,0.03398089281986242,0.04784980651079142,0.036820300111852396,0.038932765928755955,0.08056
83,18.72641294136698,140,119,0.3894067508765302,18.72641294136698,0.4222222222222222,0.6218487394957983,100.0,0.04402557156193926,0.08311790209336381,0.04128215557176952,0.040964376059349224,0.029997160292224233,0.032160798187977825,0.03342383748427642,0.5657983193277308
84,36.97256069342298,140,123,0.4934523512611714,36.97256069342298,0.7837837837837838,0.6991869918699187,98.9189182408154,0.04690093537351169,0.05189778849759743,0.06473790915451842,0.030840058710498983,0.05109561522716484,0.0508087708242365,0.044076654303137314,0.0826829268292683
85,34.45195073012873,140,138,0.45369805789955514,34.45195073012873,0.6666666666666666,0.7391304347826086,99.2592602968216,0.05456540103988049,0.07096066204310862,0.06085026007715885,0.05163190830998399,0.05403089570663545,0.04842044199660097,0.04588174374062387,0.13456521739130434
86,29.199658876832952,140,117,0.41522910635955335,29.199658876832952,0.5348837209302325,0.6324786324786325,98.7596889026463,0.050839490822653134,0.06966800525116959,0.05184043140457454,0.045536574436356184,0.04813650404931087,0.05103243038314675,0.03424495727998665,0.2022222222222222
87,39.060110778763736,140,110,0.4406333007898519,39.060110778763736,0.8157894736842105,0.6545454545454545,98.59649045392871,0.05257313978925749,0.08229910243403514,0.058156231341733144,0.044624846079080356,0.04936240331155292,0.04708245553673134,0.040528611989258057,0.0510909090909091
88,35.53595859735638,140,132,0.421362938560912,35.53595859735638,0.6428571428571429,0.6818181818181818,99.04761807993054,0.0535813843861886,0.07739945658902661,0.056173100293020896,0.040691837038438865,0.05524134449755473,0.044133265783468385,0.04524073147632418,0.1742424242424242
89,39.635878359955,140,119,0.46816036650497195,39.635878359955,0.7111111111111111,0.6218487394957983,100.0,0.05185102982922084,0.07663215239861641,0.058130822165106,0.03107150947451444,0.04099213775928196,0.054431689303983496,0.04069876743848821,0.10462184873949583
90,32.71200013330302,140,124,0.4426080552259837,32.71200013330302,0.5952380952380952,0.6612903225806451,99.04761807993054,0.05273255271872023,0.08099773899242159,0.06441844167672028,0.03581213591806504,0.049382093861145386,0.03707135000337822,0.04730541876683332,0.12959677419354845
91,23.826552289009175,140,107,0.45989394246504356,23.826552289009175,0.45714285714285713,0.6728971962616822,100.0,0.057687400236826614,0.08066068756994714,0.05906191801450789,0.04474360244894897,0.06176357174309295,0.04603201366627681,0.036965206834428235,0.16700934579439253
92,10.19081138982244,140,65,0.30794565495747755,10.19081138982244,0.34782608695652173,0.6461538461538462,97.68115878105164,0.056782174448766834,0.08411789130360353,0.059588721406087015,0.05700013157499378,0.056344001658153064,0.049908912506245885,0.04384411036720234,0.33676923076923077
93,26.748783126808117,140,82,0.3974973875465553,26.748783126808117,0.7096774193548387,0.6219512195121951,99.13978474214673,0.052806979767433246,0.0863826979217599,0.050486674330288105,0.04811628116188398,0.05227882430635452,0.05648797185404403,0.032681706039940604,0.1437804878048781
94,21.213400755577013,140,107,0.4126637042935698,21.213400755577013,0.45161290322580644,0.7102803738317757,99.13978474214673,0.053535101436211305,0.0884917398790719,0.05672858489166609,0.031245596343043008,0.053881571879742914,0.038887663823256924,0.04067048068519938,0.17925233644859817
95,38.03916429298385,140,130,0.47888511602119066,38.03916429298385,0.5849056603773585,0.5923076923076923,99.24528351984918,0.05417085931485112,0.07288832679320563,0.06073535143688412,0.03216951871847589,0.06070518746533724,0.049393862187698985,0.045413855871267596,0.13815384615384618
96,28.93848783306685,140,88,0.4374773226537131,28.93848783306685,0.7586206896551724,0.6704545454545454,99.08045930787921,0.0574847470746565,0.08584236511391798,0.05513285433127614,0.0491674007992142,0.06099554146710024,0.043071371437192495,0.034823384737843625,0.06897727272727276
97,30.346770210771997,140,100,0.4623557197103561,30.346770210771997,0.7058823529411765,0.66,99.21568632125854,0.05127458650890512,0.08282590085515543,0.051108413965351894,0.03544139213713369,0.054982890028521636,0.04893280226265411,0.039499141482434136,0.1025
98,50.548192332189906,140,138,0.48219751068245764,50.548192332189906,0.851063829787234,0.6594202898550725,99.14893507957458,0.05396500206258577,0.08226519954609594,0.058657714324031454,0.03643902030123449,0.05990939676386003,0.04821259578213811,0.0426613748201222,0.044275362318840585
99,2.958660545226293,140,46,0.27909665818445156,2.958660545226293,0.2222222222222222,0.6086956521739131,97.77777884155512,0.039630333415561395,0.05833795993814961,0.05889385603596548,0.06287597149841764,0.03268337079788356,0.039597066119641935,0.011512202333863209,0.6752173913043479
100,28.65421390690931,140,98,0.4246396109601511,28.65421390690931,0.6571428571428571,0.6428571428571429,100.0,0.05206122343377405,0.07394614071268031,0.06487689886643398,0.045098992313836184,0.04321269046024504,0.04614083996212875,0.03206459731240017,0.17448979591836739
101,29.44765862543705,140,107,0.4529106482184354,29.44765862543705,0.7241379310344828,0.7289719626168224,99.08045930787921,0.05175875596393985,0.08560662595891134,0.048791956630873747,0.03164576010577775,0.05164711911873084,0.05909239738801402,0.031895829946858224,0.0713084112149533
102,29.57949546823717,140,113,0.42058736045502115,29.57949546823717,0.6764705882352942,0.6991150442477876,99.21568632125854,0.04751081859366043,0.08001747969952505,0.0433904734502767,0.02677640634941982,0.05034194510380516,0.05964913668639649,0.04224946471123777,0.15380530973451328
103,46.13451823676669,140,122,0.4714418337827466,46.13451823676669,0.8809523809523809,0.6557377049180327,99.04761807993054,0.05161594014586034,0.06388102955968407,0.06187634860579508,0.03909384463465794,0.05637299655977902,0.0477057551216691,0.04894187737011489,0.02860655737704918
104,26.872769450255056,140,96,0.42593556575745806,26.872769450255056,0.7307692307692307,0.7291666666666666,98.97435903549194,0.05360160599092153,0.07790283190111665,0.07080736929124604,0.05224279895060971,0.043226579384698795,0.04507153529138701,0.04147809480463543,0.056145833333333346
105,40.857276664835894,140,113,0.46499156637762973,40.857276664835894,0.8717948717948718,0.6548672566371682,99.31623935699463,0.044722742379053965,0.06412842866774517,0.05011123207705476,0.0409301442882736,0.04913921488128074,0.03912926121213015,0.03542671907551496,0.05345132743362833
106,31.67700241088728,140,86,0.36837397272682065,31.67700241088728,0.8,0.6511627906976745,100.0,0.062483058956915194,0.08206720687494846,0.07544545359739353,0.056674671067617,0.05539383765474124,0.056079830405546906,0.04532433814687995,0.04255813953488373
107,20.669971501695873,140,80,0.4103406963493203,20.669971501695873,0.56,0.6875,100.0,0.05877812101006031,0.07331537008349075,0.08497099042222717,0.04535330816871654,0.043764564480721975,0.0426186065012922,0.04409192752167299,0.07625
108,46.696845098437755,140,113,0.45578445776490006,46.696845098437755,0.95,0.6460176991150443,100.0,0.05209763598185645,0.07780587382839844,0.05599849933711261,0.05060593076864641,0.03902141382880598,0.04227852880265488,0.04686464482369709,0.02265486725663717
109,34.843212429863826,140,116,0.4120600746492343,34.843212429863826,0.6829268292682927,0.646551724137931,98.69918525218964,0.05279501022042123,0.0776687179970084,0.07384429538533423,0.03980979574532906,0.050192231593134004,0.04956997622104307,0.038766239095934046,0.1327586206896552
110,23.115846498643155,140,108,0.4391044764322312,23.115846498643155,0.5,0.6296296296296297,100.0,0.04633073792678812,0.07259551901123018,0.048326449611467495,0.025297265049891448,0.05232294662380954,0.038759046067938854,0.04304632941838802,0.2549074074074073
111,26.523782196538573,140,91,0.44714157002262306,26.523782196538573,0.7916666666666666,0.7362637362637363,98.88888793066144,0.05387463647513994,0.08841365797786696,0.05703215773360378,0.04266449409462661,0.04496476137422371,0.04927853262614568,0.04935636612134515,0.06615384615384615
112,29.192040588369526,140,97,0.47521864366405636,29.192040588369526,0.75,0.711340206185567,98.09523820877075,0.05533098220265361,0.06300465006989854,0.0660957371743533,0.03652531952304597,0.04953735297430273,0.05846073681418931,0.048805763311884735,0.043195876288659805
113,6.079116713239758,140,56,0.3685902410954933,6.079116713239758,0.23809523809523808,0.625,98.73015880584717,0.05003060162333726,0.05944261261721991,0.04697610023556191,0.03624512992509385,0.04753409270383729,0.07122050541589701,0.040403815269992656,0.38321428571428573
114,5.272257319136261,140,62,0.34327239577977914,5.272257319136261,0.25,0.6774193548387096,100.0,0.04486958160034011,0.06806847084661038,0.04651065135951892,0.03184341335559477,0.043353158545515934,0.024797973107876403,0.05101440479416688,0.6058064516129031
115,41.15033014345492,140,94,0.4265265962700916,41.15033014345492,0.8536585365853658,0.5638297872340425,99.34959313832223,0.05363665425019611,0.07997434964954384,0.05176742920713821,0.04800101983714678,0.04758218136803704,0.047684011302760516,0.059143442722117065,0.046702127659574474
116,23.08008687866396,140,88,0.4039594963084987,23.08008687866396,0.64,0.7159090909090909,100.0,0.054985503128125314,0.08185636788473194,0.05932090634479962,0.03515773608893624,0.06555283360732507,0.038434524956493514,0.035140323801589685,0.1063636363636364
117,7.856199177513921,140,76,0.4042776242846597,7.856199177513921,0.3157894736842105,0.75,98.59649045392871,0.03785349818109628,0.05265092282469902,0.03746181880139385,0.022597130080191603,0.04060759550684341,0.046180283038495216,0.030109235144819294,0.5207894736842107
118,30.49822753762549,140,106,0.4286611750848938,30.49822753762549,0.696969696969697,0.6886792452830188,98.38383700698614,0.05205857976714744,0.07752639932935229,0.06947540721157157,0.030971353000293356,0.0501515173491115,0.048394551833135395,0.038226003729049246,0.10886792452830193
119,34.56034475927799,140,99,0.3747772500940949,34.56034475927799,0.7567567567567568,0.6262626262626263,97.83783759921789,0.05123805621916898,0.08634100529389704,0.05780094029503338,0.040458899534440776,0.04469715598516766,0.05599768011376458,0.02754711917915693,0.059090909090909104
120,8.830481640765546,140,70,0.34488348259106344,8.830481640765546,0.391304347826087,0.6714285714285714,97.68115878105164,0.037081942741524654,0.05962823677784949,0.04841285316098394,0.03356055243297543,0.04132082861906159,0.028653002002174768,0.02729049460690136,0.5514285714285713
121,58.190414014218355,140,132,0.4725509722167204,58.190414014218355,0.9795918367346939,0.6287878787878788,99.45578179322183,0.05406798701244061,0.10219150284880175,0.05507558374016164,0.03430528882458298,0.05403870992023721,0.046872947220374606,0.03658284702618173,0.013106060606060607
122,16.82907105567272,140,80,0.39957740220938986,16.82907105567272,0.5,0.725,98.1818163767457,0.0567550199112486,0.07099351163845327,0.07066737674970508,0.04013967450017792,0.05123941860644963,0.056254893418902996,0.03501942457052576,0.22075
123,42.100081695344784,140,133,0.4594816379543418,42.100081695344784,0.8,0.6992481203007519,100.0,0.05203090305364751,0.08323235866157706,0.05945556893270241,0.038777332386821864,0.0452285108621834,0.0511268935190592,0.03733274987074145,0.0549624060150376
124,28.597004109415984,140,107,0.46453194606670795,28.597004109415984,0.575,0.6261682242990654,100.0,0.05082866112464875,0.07596428047773204,0.05476140512893505,0.03107947349391508,0.04307383106534853,0.043539712507254795,0.031337159571776976,0.16168224299065417
125,32.350111863514606,140,98,0.42856472760057257,32.350111863514606,0.6578947368421053,0.6122448979591837,98.59649045392871,0.06077289207975313,0.08336354034717047,0.06874134927079438,0.04684180091049952,0.05327892702663091,0.0482769160353604,0.03942364592182202,0.06785714285714288
126,20.063701284402853,140,111,0.41161247503166415,20.063701284402853,0.47058823529411764,0.6936936936936937,99.21568632125854,0.04813280410305402,0.053823515788887374,0.04816472326164224,0.052986028423265684,0.049557155454597684,0.04698160636051002,0.038221856229312005,0.36828828828828825
127,30.298159541877755,140,123,0.4271930248436883,30.298159541877755,0.5609756097560976,0.6666666666666666,98.69918525218964,0.05117882789705792,0.07362634288054173,0.059699295997153304,0.04122714111217874,0.049280303467101515,0.03566135754722709,0.03841013457606798,0.15845528455284555
128,48.582208581224755,140,113,0.4715040558883403,48.582208581224755,0.9512195121951219,0.6371681415929203,99.34959313832223,0.05783175265452684,0.08249422547948926,0.06567549071306332,0.027238169633406667,0.048172746847290095,0.04056566709913686,0.05082087531135873,0.028584070796460182
129,30.194376324769188,140,124,0.45032445823358475,30.194376324769188,0.5625,0.6129032258064516,99.16666699573398,0.04317725061477006,0.06802163757598155,0.0506943203042358,0.026757101549263494,0.042888048169353654,0.0333804170990716,0.028775363403650885,0.2966129032258064
130,48.93816857763657,140,108,0.44732274357695095,48.93816857763657,0.9523809523809523,0.6111111111111112,99.04761807993054,0.05764112663009191,0.08620138941280457,0.05443523994376673,0.045185637003721475,0.05525678929031782,0.04706420354076564,0.04223710394362224,0.0162962962962963
131,5.655576289604968,140,65,0.3826383629039368,5.655576289604968,0.23809523809523808,0.676923076923077,98.73015880584717,0.039736160184732486,0.0596197894857402,0.03991131698356815,0.0,0.047878724070601696,0.04338704025262036,0.02698660545071975,0.4287692307692308
132,8.906208482881818,140,86,0.42715344211248846,8.906208482881818,0.2727272727272727,0.7441860465116279,98.1818163767457,0.04158549790072347,0.05597337065977211,0.04128474972567345,0.03313035061301521,0.04798426947907105,0.0447856992983399,0.029730168765945406,0.45639534883720956
133,2.6299625998296525,140,37,0.331246104768838,2.6299625998296525,0.16666666666666666,0.6756756756756757,96.6666653752327,0.0392164215546309,0.07534153737013662,0.014611207848365238,0.032574907838176105,0.04370229731493005,0.023944118614204802,0.03319195711149868,0.44810810810810814
134,33.398088115303665,140,109,0.43385618419531186,33.398088115303665,0.7647058823529411,0.6880733944954128,99.21568632125854,0.04735918989973774,0.06655843786275177,0.04596928642278492,0.036382014783611666,0.05011113380937179,0.04823887731319881,0.03904913296407683,0.06302752293577983
135,47.65635690112044,140,140,0.4849211531998925,47.65635690112044,0.8,0.6785714285714286,100.0,0.055661915493295,0.07393258714236856,0.0604134833028733,0.04021926722953252,0.05529144068771647,0.047586945191705775,0.041729845592583775,0.039285714285714285
136,33.59267249858997,140,109,0.4488161647450403,33.59267249858997,0.6904761904761905,0.6146788990825688,99.04761807993054,0.04373642997058261,0.06557615627176669,0.03593584302667928,0.026629932320852916,0.044436569209759066,0.041146593149931486,0.03876180527499481,0.14788990825688086
137,33.110913308531494,140,119,0.45602822141780336,33.110913308531494,0.7142857142857143,0.7058823529411765,100.0,0.049534541866501275,0.06771411588755885,0.06112277993441004,0.039450867571854564,0.042439422895833266,0.05294393445524658,0.03313839629784052,0.12579831932773108
138,37.03189059737421,140,107,0.4693892674848614,37.03189059737421,0.8285714285714286,0.6728971962616822,100.0,0.052980678293215726,0.08591619328996226,0.04885454238963546,0.04320461578333187,0.05150127374609603,0.05049249027377293,0.04980953004878017,0.04074766355140187
139,21.231668054673975,140,118,0.4336151852362387,21.231668054673975,0.47368421052631576,0.6779661016949152,98.59649045392871,0.044417858072323145,0.060403498980687566,0.04254651305942482,0.029573333620629097,0.05074533556558638,0.049939338279680404,0.03512447357637959,0.3956779661016949
140,23.685847237441482,140,103,0.4745308318814173,23.685847237441482,0.5483870967741935,0.6990291262135923,99.13978474214673,0.05079867498992299,0.08195181002589758,0.05889702872220995,0.034924237076578095,0.05949845071203158,0.05236123461538024,0.03046863738192376,0.10553398058252433
141,25.874831052143577,140,80,0.36248667358958614,25.874831052143577,0.7307692307692307,0.675,98.97435903549194,0.06269934619411935,0.09319022897617678,0.08070080184758265,0.04494521261221581,0.043629367781256936,0.05956080611729332,0.04243030127729398,0.06675000000000002
142,3.6971496137613444,140,39,0.3197277613099275,3.6971496137613444,0.1875,0.5897435897435898,96.66666574776173,0.05927619816418627,0.08015435037972786,0.0788742006719432,0.03651062662003472,0.06435918137316604,0.04099748738047221,0.039280733923921764,0.3569230769230769
143,2.601771298203264,140,34,0.3223643037495137,2.601771298203264,0.18181818181818182,0.6764705882352942,95.15151493251324,0.04739968349588199,0.0,0.049646695111588215,0.039673186638783095,0.056461731055416596,0.03490197326366285,0.0470157248455851,0.35617647058823526
144,21.979515372034157,140,111,0.36809022217164267,21.979515372034157,0.48936170212765956,0.5765765765765766,99.14893507957458,0.04507616976220743,0.07140216506860604,0.052395448209242045,0.02858606720311466,0.040704174027485815,0.02782123423211951,0.02691261100339954,0.562792792792793
145,38.996626011203524,140,133,0.44505613603222344,38.996626011203524,0.6666666666666666,0.6390977443609023,98.88888793066144,0.0461457924642658,0.0784043258557252,0.049577564461708905,0.03313028812339345,0.041611855468548654,0.0419623655593248,0.03509737389867186,0.11601503759398497
146,32.93921932412942,140,83,0.4318837353677635,32.93921932412942,0.8235294117647058,0.5903614457831325,99.21568632125854,0.04935574330906821,0.07705454165363375,0.0496057636169314,0.04253420508421799,0.05911811317225974,0.045791282100821035,0.032846173616239635,0.062409638554216884
147,11.278381924824318,140,85,0.3809094139150953,11.278381924824318,0.2962962962962963,0.6823529411764706,98.51851761341095,0.05020089444837095,0.07573745228765932,0.0740720510653628,0.041195736300501606,0.04379021706251158,0.029965123334412414,0.0402065155637856,0.31858823529411767
148,6.236776793629255,140,57,0.39391648610086316,6.236776793629255,0.3,0.6491228070175439,100.0,0.04077573364074599,0.07383604690348297,0.023646973827931028,0.03799673849307243,0.04199927579561333,0.04938568622854038,0.03614993467744545,0.46578947368421053
149,23.899880000775017,140,111,0.44740653850733,23.899880000775017,0.5428571428571428,0.6846846846846847,100.0,0.046042254069041215,0.0706283799409521,0.03540110573677786,0.043312157765374185,0.049557094707512475,0.04850483394255289,0.025810671785372927,0.3015315315315315
150,32.77170629465364,140,124,0.43992775240588966,32.77170629465364,0.5714285714285714,0.6612903225806451,99.04761807993054,0.05473918712681425,0.07607929511819868,0.04637454972962263,0.0501339738773041,0.04497995825781137,0.05670787041640629,0.044047537362285775,0.11967741935483868
151,15.85676467773913,140,121,0.41794425322357204,15.85676467773913,0.358974358974359,0.6776859504132231,99.31623935699463,0.041540866478415005,0.05667937212075219,0.04076007296998119,0.031101175969491284,0.03821334189216914,0.04849320412551208,0.03465354019930691,0.49090909090909096
152,48.44315931283422,140,122,0.4439128852117203,48.44315931283422,0.82,0.5901639344262295,100.0,0.05135506148374488,0.056043922103966706,0.05639151372571028,0.04632360498973219,0.06159614930060039,0.04107413155477031,0.04802933823000445,0.06549180327868853
153,19.91206978281916,140,98,0.4485626152356452,19.91206978281916,0.5,0.6530612244897959,99.21568632125854,0.03944698062937006,0.054608927223292164,0.058912502450529876,0.020611211835824796,0.050587196104665624,0.033475602776711876,0.027913888954086113,0.23479591836734692
154,35.47879421464479,140,87,0.40176815825883094,35.47879421464479,0.8529411764705882,0.6091954022988506,99.21568632125854,0.05499960365725663,0.07637750896390806,0.07510379931668347,0.05211479701170905,0.05470627822863498,0.03512161791648522,0.024934267154162682,0.021264367816091954
155,44.08100853305553,140,139,0.4467433468063113,44.08100853305553,0.7954545454545454,0.6834532374100719,99.39393796958029,0.047387452877306856,0.0715861686495945,0.06274533772121221,0.036373059854949846,0.05262285823963723,0.03469094957065101,0.03363332947246787,0.07820143884892088
156,6.6275201743925365,140,67,0.3453121021691931,6.6275201743925365,0.23809523809523808,0.6865671641791045,98.73015880584717,0.04850800785978189,0.06751900655318215,0.06370251165897386,0.04300292291832639,0.04466827498821177,0.03430148089866215,0.044581023431623464,0.4537313432835822
157,33.537864537854794,140,105,0.4533726172842388,33.537864537854794,0.8571428571428571,0.7333333333333333,98.57142912223935,0.05665546843230177,0.0692743989593707,0.06521092178011802,0.046335021421123446,0.05828945360190067,0.056348939303387476,0.03915007090312377,0.024952380952380955
158,16.026195948884954,140,119,0.43562858367497376,16.026195948884954,0.36585365853658536,0.6554621848739496,98.69918525218964,0.04267453910662416,0.06672552981898483,0.050720017918659016,0.02873361464113355,0.04358847134532044,0.03292242955317632,0.028598749041129426,0.5027731092436972
159,24.328858279043406,140,83,0.3825249534204457,24.328858279043406,0.7037037037037037,0.6746987951807228,98.51851761341095,0.05389283677213658,0.07986336322186194,0.0674721681580924,0.03575189395147406,0.06059786677756674,0.04503579805338785,0.03943348829273696,0.14819277108433737
160,45.97857352056289,140,140,0.47567515391774023,45.97857352056289,0.8974358974358975,0.7214285714285714,99.31623935699463,0.04986447801959135,0.08089926452334589,0.057082939430416396,0.036682876271375515,0.051412271098757775,0.04384566526812724,0.03334147495166764,0.036571428571428574
161,18.14353828752625,140,112,0.42814984151769675,18.14353828752625,0.375,0.7142857142857143,98.74999923631549,0.051099310981186384,0.05746300500538059,0.05149468192692772,0.04953965397178005,0.058452622621926686,0.0535227880492182,0.036887678193843774,0.2647321428571429
162,29.31280381334654,140,107,0.42597233066758844,29.31280381334654,0.6666666666666666,0.6915887850467289,98.38383700698614,0.05164640157808698,0.07702577292898931,0.071220144934543,0.046657851181096395,0.03905023199018558,0.04411690951727058,0.03933770140850981,0.1171028037383178
163,53.21429207854108,140,114,0.5210945100257126,53.21429207854108,0.9782608695652174,0.5964912280701754,99.42029118537903,0.051819436439334676,0.07201745146931518,0.05875379792720614,0.04085778502440928,0.0641575608728078,0.03892593405425344,0.038206580451038946,0.012543859649122809
164,29.43112607809084,140,115,0.44449803750881073,29.43112607809084,0.5952380952380952,0.6347826086956522,99.04761807993054,0.04953318521760525,0.07608866468949729,0.052009283377322406,0.04209810664372939,0.046378212895471484,0.05251876524713879,0.03700016512104841,0.2586956521739133
165,34.36757942019545,140,136,0.49519385072904176,34.36757942019545,0.6341463414634146,0.6985294117647058,99.34959313832223,0.048267474539947966,0.06116612705336686,0.05096094307493948,0.043837796669856634,0.049168585992889396,0.047771296549412055,0.03993371028250458,0.151764705882353
166,47.36008714785501,140,126,0.4646391396089571,47.36008714785501,0.9024390243902439,0.6746031746031746,99.34959313832223,0.05484902910451698,0.07723989870996786,0.06017256066244728,0.04644210426021495,0.04778452621173417,0.04576704331248167,0.04962327634277729,0.02571428571428572
167,31.372159679901053,140,103,0.49151531418378697,31.372159679901053,0.7666666666666667,0.7087378640776699,100.0,0.054762434140973835,0.08153046411861282,0.07280739337758343,0.03655158922482592,0.02697849594655365,0.03657555513769885,0.03554362383903216,0.05543689320388349
168,33.1841785021199,140,135,0.48229722573036304,33.1841785021199,0.6571428571428571,0.7407407407407407,100.0,0.04990217310736363,0.07280592871443346,0.05847763573616753,0.04232311557443769,0.04265189420667875,0.04491308898552958,0.0380050610198579,0.07466666666666667
169,6.139778156340367,140,69,0.38307343846628517,6.139778156340367,0.21428571428571427,0.7971014492753623,98.09523820877075,0.04278070476633822,0.07285774495200477,0.04896996068067892,0.03913224161694982,0.037122388273728046,0.038213056300173215,0.03375603015543129,0.39014492753623203
170,48.59691805499094,140,128,0.4618343968435529,48.59691805499094,0.7592592592592593,0.578125,99.50617253780365,0.049166952626428284,0.06473015737215576,0.052847767256866796,0.03760836340217319,0.048126284863917616,0.047872950202284305,0.04266228199634202,0.04640625000000001
171,20.93559032971465,140,100,0.4030293271520095,20.93559032971465,0.5135135135135135,0.63,98.9189182408154,0.045717743408757276,0.06539056061101425,0.04532697145758289,0.03792461881351717,0.0366710676648785,0.0555671424206757,0.04104990800626416,0.3741000000000001
172,19.298825433041777,140,130,0.4135480803011368,19.298825433041777,0.34146341463414637,0.6846153846153846,99.34959313832223,0.045965865189345985,0.065668091938435,0.06536254895469999,0.03232764045363617,0.04048451163434288,0.038084747593120506,0.03422491336873481,0.3073846153846153
173,27.23467899057818,140,101,0.40509545263861735,27.23467899057818,0.5882352941176471,0.6633663366336634,99.21568632125854,0.055830162660595824,0.09244598875927856,0.042748801950658,0.03858500309621167,0.04495011242731359,0.06101365056634088,0.05421092104145259,0.11603960396039609
174,4.629538343695855,140,79,0.3773260231497817,4.629538343695855,0.21052631578947367,0.759493670886076,98.59649045392871,0.035938811629941864,0.04369759635689623,0.03683182226658428,0.03219185052424832,0.026674252949711718,0.043021259843365856,0.03232065073768916,0.658101265822785
175,21.87317672987205,140,93,0.43109552447179333,21.87317672987205,0.53125,0.6559139784946236,98.74999923631549,0.05205231963848514,0.07555668109432417,0.06644239558302181,0.03414216881238265,0.05549606735296378,0.04636016141944822,0.029160234317297525,0.23010752688172045
176,10.464050155640317,140,69,0.34613486340119226,10.464050155640317,0.3333333333333333,0.6521739130434783,98.88888793066144,0.05234851721793877,0.07545825875483435,0.065948819683685,0.03587556923950254,0.06337102923489597,0.05042838404578187,0.03402036973020271,0.34478260869565225
177,27.30550865840325,140,114,0.4334138213780105,27.30550865840325,0.6060606060606061,0.7105263157894737,98.38383700698614,0.053179672157221546,0.08896653488140842,0.056401135710899775,0.04603074768954353,0.041911434471145634,0.0482557216999065,0.03162140394941275,0.20614035087719304
178,40.70529229924647,140,139,0.4935649650177683,40.70529229924647,0.6808510638297872,0.6618705035971223,99.14893507957458,0.049968235998830136,0.08432983461502105,0.05430202213983144,0.03529000846143776,0.06661158174871555,0.02898213684491295,0.03698079508389453,0.09035971223021584
179,29.44676479586764,140,94,0.43565984284870746,29.44676479586764,0.7931034482758621,0.6914893617021277,99.08045930787921,0.05289501964592282,0.07220912821764905,0.07282522486586926,0.03503647801118965,0.059798454658550396,0.04226828435128084,0.03399340064040912,0.10712765957446811
180,42.95172820935821,140,122,0.5141291930514661,42.95172820935821,0.8918918918918919,0.6967213114754098,98.9189182408154,0.05177830211325798,0.06566007636394308,0.05592817796047561,0.01752970566943773,0.053878544463758934,0.047962369511709915,0.04526740320168467,0.028442622950819674
181,39.88429558835766,140,127,0.482432168413695,39.88429558835766,0.6666666666666666,0.6220472440944882,99.16666699573398,0.05069422209794254,0.06476061318232305,0.04434289231878952,0.03935768090555411,0.049927658287724476,0.04734099022658693,0.05248338769923923,0.08952755905511812
182,54.03008370114042,140,139,0.44828232109568866,54.03008370114042,0.8490566037735849,0.6187050359712231,98.9937107078731,0.04885341748298853,0.07160149817157205,0.054509294905336673,0.03114989715776769,0.04834168682189945,0.046616397374553926,0.031743168383620714,0.056618705035971224
183,30.18292680755149,140,102,0.4494628407421807,30.18292680755149,0.7586206896551724,0.7156862745098039,99.08045930787921,0.05374332432831888,0.0717105290423118,0.057302288582654716,0.038672197386549347,0.05176418294749544,0.05366938825856107,0.04489026066669359,0.07401960784313728
184,24.897466105875775,140,97,0.4235099052342633,24.897466105875775,0.6923076923076923,0.7319587628865979,98.97435903549194,0.050219235832169494,0.0812923964329592,0.06668794680444008,0.046381557792874145,0.04496721971314478,0.04643896102022097,0.033601254606950896,0.10134020618556704
185,20.131255824116156,140,80,0.4212895798208263,20.131255824116156,0.6,0.75,100.0,0.06282260643849702,0.09276019370277153,0.05811861700900875,0.046105880384419,0.05130144898749471,0.059066736918055876,0.048665305074057315,0.04150000000000001
186,39.16137409476625,140,114,0.45638747495142906,39.16137409476625,0.7560975609756098,0.6403508771929824,99.34959313832223,0.0547771212520038,0.06421330510724844,0.05908112483854028,0.044392815429769465,0.057325352529957505,0.04992942397081523,0.049575714890027135,0.0692982456140351
187,33.963845748679056,140,106,0.4461622342641061,33.963845748679056,0.7777777777777778,0.660377358490566,99.2592602968216,0.04546695786068191,0.06489248253997824,0.06349878653212819,0.038785571566513716,0.04890609862799743,0.03397115263844441,0.03538976035083546,0.08801886792452832
188,33.8686707545376,140,104,0.4460035863517609,33.8686707545376,0.7222222222222222,0.6538461538461539,99.2592602968216,0.05511021144859113,0.07612062746154288,0.06113597378526799,0.03322116169648636,0.04850702165738299,0.061411319045905605,0.036209952901482476,0.06500000000000002
189,26.303886064706504,140,98,0.4646028824458261,26.303886064706504,0.7037037037037037,0.7244897959183674,98.51851761341095,0.05162259257024693,0.07351347747527733,0.06456651271930908,0.02657537116400272,0.05175220426394459,0.03917864095403152,0.044658029758671246,0.11979591836734696
190,21.455498910434475,140,86,0.39874757070159367,21.455498910434475,0.5428571428571428,0.5930232558139535,100.0,0.04732262945010625,0.0741859859352216,0.053906046130200044,0.02240127408473258,0.06534902054693585,0.03458457808870274,0.029784969583213947,0.26360465116279064
191,26.059573501638848,140,130,0.42914881159807833,26.059573501638848,0.5,0.6615384615384615,99.39393796958029,0.042616228920522026,0.057629669197655636,0.04119410175195342,0.02972802369038186,0.045972390453353544,0.04623962996825243,0.035243161162726216,0.343846153846154
192,35.35595452439604,140,118,0.4032198105067417,35.35595452439604,0.6666666666666666,0.6694915254237288,99.31623935699463,0.05864588361524408,0.08253435670957884,0.0701008459021453,0.03905523582263628,0.0524071362485771,0.04569767863730348,0.040164876985900134,0.08669491525423731
193,44.39164819065918,140,137,0.45029561643049326,44.39164819065918,0.6938775510204082,0.6423357664233577,99.45578179322183,0.055684382974258616,0.08037816943042995,0.058128225702134155,0.03731222918504849,0.05026198005301121,0.0469503553133128,0.0315825346801984,0.06605839416058394
194,32.950277631928515,140,96,0.4264629786780887,32.950277631928515,0.7142857142857143,0.6354166666666666,100.0,0.06194264343780894,0.09590026222095603,0.06238543691085038,0.04179717921498335,0.05473623157648778,0.05261199021640293,0.03007009082201266,0.06083333333333335
195,43.660375524697045,140,95,0.4491542692174561,43.660375524697045,0.9473684210526315,0.6,98.94736856222153,0.05900845167425624,0.09173390071596375,0.06517138228319336,0.05388472697290498,0.04523125053753352,0.047758847241567516,0.04293174519858823,0.02252631578947369
196,34.34282963279457,140,137,0.523038678666676,34.34282963279457,0.7575757575757576,0.7591240875912408,98.38383700698614,0.04330313511074924,0.07095112301197844,0.06405670832837451,0.04282343710929312,0.03940226320734036,0.02961913560784636,0.02762189968978689,0.0662043795620438
197,20.897737365389577,140,104,0.43588915673463624,20.897737365389577,0.46875,0.6923076923076923,98.74999923631549,0.04787999494222482,0.07458910527834275,0.041910051799535275,0.042535455084556244,0.0468986605425603,0.05347850526010814,0.028674469596827727,0.20548076923076922
198,31.367304116748535,140,105,0.4623590989848879,31.367304116748535,0.6486486486486487,0.6476190476190476,98.9189182408154,0.05519224810850295,0.09930553895748336,0.06830780463562927,0.027131213997931586,0.049900754503719856,0.04596820669804564,0.03036831197875703,0.09200000000000001
199,28.676760144848764,140,82,0.4298870151690029,28.676760144848764,0.7058823529411765,0.5853658536585366,99.21568632125854,0.04746526530451021,0.07771371676777303,0.042133095790789735,0.04279802495998467,0.05071821977259888,0.03351934574444971,0.03509963437509487,0.06987804878048781
200,30.402835436044928,140,98,0.4182752290959151,30.402835436044928,0.6857142857142857,0.6428571428571429,100.0,0.05592434169043119,0.10347170225595895,0.058168572575192506,0.040725109375682515,0.05241797205612282,0.04789582267572081,0.035576725632786126,0.1683673469387755
201,24.587066285949376,140,91,0.43802124939750564,24.587066285949376,0.6551724137931034,0.6813186813186813,99.08045930787921,0.04629946655759618,0.07074544394397157,0.06357843362516619,0.04208231936729684,0.04494742263678315,0.03457528341692925,0.03629143279389314,0.08285714285714287
202,16.292755604684313,140,99,0.43327565324035233,16.292755604684313,0.3684210526315789,0.6161616161616161,98.59649045392871,0.04404227995104156,0.07139619258320415,0.025313046123162097,0.02945033660784149,0.03708009137563797,0.040258631751044494,0.047483981966537636,0.3262626262626263
203,25.168524969123137,140,125,0.43617110736566994,25.168524969123137,0.4772727272727273,0.648,99.39393796958029,0.04239342926459491,0.060604462961123526,0.05251988856212632,0.03513167660630151,0.051620745162111036,0.029863099859448756,0.0261458568145984,0.27824000000000004
204,34.599356220520384,140,112,0.4584495079331225,34.599356220520384,0.6078431372549019,0.5446428571428571,99.47712421417236,0.04601000407767819,0.05727519993208842,0.05003019934359119,0.042594562677685965,0.04288928857680728,0.03884937440322118,0.04157279772167495,0.1960714285714286
205,12.730774936386357,140,112,0.4306865217507324,12.730774936386357,0.2727272727272727,0.7053571428571429,98.38383700698614,0.04568348895641978,0.07198274188261687,0.04569254386878098,0.034921755817041135,0.04039470669548445,0.04630674544611653,0.033773651939851046,0.3939285714285713
206,23.892420473391912,140,86,0.39514472523865307,23.892420473391912,0.8888888888888888,0.7906976744186046,97.77777884155512,0.053001198489757845,0.07361579636969819,0.06757575872787622,0.04032215306705362,0.053461708018960157,0.04087598250252552,0.04207047424102025,0.03034883720930233
207,33.77007130881404,140,134,0.4680173935506652,33.77007130881404,0.574468085106383,0.6492537313432836,99.14893507957458,0.04600941143232837,0.06367415526096208,0.04920003763527359,0.0379254103809399,0.04673447957921491,0.02945062915113083,0.03770798170802587,0.14813432835820897
208,32.284268142766905,140,122,0.4724863137804023,32.284268142766905,0.6410256410256411,0.680327868852459,99.31623935699463,0.04787199794196332,0.08438126830705238,0.051889495726494456,0.03428244333181084,0.04381961095277583,0.04504132383722223,0.03672656278115129,0.1339344262295082
209,23.52556440735106,140,96,0.3949789506568485,23.52556440735106,0.59375,0.6666666666666666,98.74999923631549,0.049549592382685415,0.0949718451213402,0.05251278686000831,0.04347646896191603,0.04784668093705365,0.0362241319750581,0.04200283025061799,0.3000000000000001
210,3.4489646096481312,140,39,0.3205887875675005,3.4489646096481312,0.25,0.5897435897435898,98.33333399146795,0.040935214486770836,0.0764382310840485,0.04013076961131001,0.033494161807649275,0.04338026629775423,0.03681240367211109,0.024231208597071358,0.4979487179487179
211,11.000593055302048,140,80,0.34728295390272773,11.000593055302048,0.2857142857142857,0.7375,97.46031761169434,0.05419364396263825,0.08335282067626472,0.06668503686682849,0.040324521077962645,0.04699903466661008,0.04605972381293144,0.03581303984908804,0.3061250000000001
212,15.398976595352279,140,90,0.42863131619522876,15.398976595352279,0.3448275862068966,0.6777777777777778,99.08045930787921,0.052022242157779675,0.06781349797105894,0.0658179772846167,0.02273338650770317,0.0525116388918134,0.03694281509053418,0.046646452673003914,0.18177777777777782
213,13.982516927460047,140,80,0.3531107366746993,13.982516927460047,0.47368421052631576,0.7625,98.59649045392871,0.05017619837994195,0.06995289217394064,0.05784242571232052,0.04534350870417137,0.044732031843935094,0.049709818555241446,0.03920632174624823,0.25775000000000003
214,7.684487686985428,140,44,0.31948643856022085,7.684487686985428,0.3181818181818182,0.5,96.36363573372364,0.06516219637160008,0.08292995210211725,0.09469262994522276,0.06405438681832133,0.036763359130617526,0.0401145759962116,0.028321421683054866,0.30454545454545456
215,53.222215331205724,140,139,0.508326909902116,53.222215331205724,0.8431372549019608,0.6330935251798561,99.47712421417236,0.05204141399787119,0.08640487411578102,0.04761795020194834,0.039137014886045235,0.037556337347873,0.05530141167176191,0.03402538164640947,0.03158273381294965
216,19.116025674939362,140,125,0.43398820497305673,19.116025674939362,0.3695652173913043,0.632,99.42029118537903,0.044176158317334784,0.062336380260359474,0.04678189843712687,0.03096463808712966,0.04208118089010579,0.049049137256730324,0.019194656026964137,0.43335999999999997
217,35.652563985287976,140,115,0.3972383335657911,35.652563985287976,0.7435897435897436,0.6608695652173913,99.31623935699463,0.04848990583741758,0.07764686122974235,0.06367843740029246,0.04611835323045174,0.027213545674753658,0.03969754398970081,0.035357750325150726,0.1351304347826087
218,20.68231010584895,140,89,0.421658891550619,20.68231010584895,0.5714285714285714,0.6853932584269663,98.09523820877075,0.050075955083382764,0.04969877679909316,0.06784725581348135,0.031565311196547596,0.052004316283376484,0.050758848239474276,0.05065246910901987,0.2565168539325843
219,28.297622636523588,140,128,0.4593666373434375,28.297622636523588,0.55,0.6875,100.0,0.048140282159887963,0.07324829259445252,0.06655112436158349,0.031934719019920565,0.044353121581835415,0.039000432591294674,0.03464762947587083,0.28273437500000004
220,33.59513909761792,140,101,0.47051143905140314,33.59513909761792,0.7297297297297297,0.6336633663366337,98.9189182408154,0.05313115626143786,0.08938522694304855,0.06132968571620281,0.03424054843096218,0.042702387108425444,0.05447394614998536,0.03339619705839001,0.08198019801980201
221,31.38557971229361,140,104,0.37977304392218886,31.38557971229361,0.6578947368421053,0.6346153846153846,98.94736856222153,0.049828408864585706,0.06457730889747099,0.07561020985669538,0.04262757733258364,0.04741182818993862,0.03610355856310008,0.03907174452095992,0.08634615384615386
222,26.355247874182737,140,100,0.43387211393867287,26.355247874182737,0.625,0.68,98.74999923631549,0.04892715207285582,0.0817009313467719,0.057555080746500814,0.03207035391449354,0.04937052009491985,0.04942621543054533,0.034578017214876196,0.106
223,40.034911190957125,140,130,0.45750612582309474,40.034911190957125,0.7142857142857143,0.676923076923077,99.04761807993054,0.05554798096921676,0.0812812861749074,0.07410893237225773,0.03486453949819509,0.04612239873020743,0.047088022876131,0.04484373604432267,0.08330769230769232
224,35.63797224313084,140,132,0.4763310914224484,35.63797224313084,0.7027027027027027,0.7196969696969697,98.9189182408154,0.047933311811186284,0.061566103187935914,0.057368151733748755,0.046067866419888685,0.03629703254344991,0.04491978574881128,0.03649046495205174,0.05371212121212122
225,24.925543967195075,140,134,0.5040890303871233,24.925543967195075,0.3902439024390244,0.6940298507462687,98.69918525218964,0.05495221183603589,0.0766601178119024,0.05757880772338948,0.02919437187049368,0.0519033716051905,0.049585595657313235,0.033973012786868796,0.15119402985074631
226,6.1680352443185065,140,61,0.33650881647691777,6.1680352443185065,0.2727272727272727,0.639344262295082,98.1818163767457,0.042806428580107365,0.06828569715227144,0.05952987597949133,0.011769097624856182,0.04001014130593314,0.03627490360442374,0.030462954690089212,0.47377049180327874
227,17.08548145341442,140,120,0.4520777262922592,17.08548145341442,0.3333333333333333,0.65,99.04761807993054,0.04216645807220251,0.051320252641647995,0.04406489269012581,0.04342002403460302,0.03347327879546617,0.036859487002347424,0.033965515341576366,0.3524166666666666
228,33.413585396551575,140,112,0.49031398710823454,33.413585396551575,0.6842105263157895,0.6607142857142857,98.59649045392871,0.048316820686619036,0.07579378689606002,0.047633374777304394,0.03708878092968743,0.03950258842173115,0.041792600119536255,0.04293538657463389,0.06544642857142857
229,30.492786009554724,140,116,0.48699977582510606,30.492786009554724,0.6774193548387096,0.7327586206896551,99.13978474214673,0.051326247930553556,0.05762948549302264,0.06458153957663863,0.045708211463057216,0.048244649701558465,0.0429040151833094,0.044655712330285535,0.03767241379310347
230,27.574911504792965,140,92,0.41523354806960683,27.574911504792965,0.6176470588235294,0.6304347826086957,99.21568632125854,0.0602677833073887,0.07939063194757812,0.06622463050429808,0.04935655516099575,0.0673408104199625,0.0693745984993036,0.03298407625289627,0.11413043478260873
231,25.693053880028593,140,119,0.43669146541965514,25.693053880028593,0.4878048780487805,0.6554621848739496,99.34959313832223,0.053158690454472066,0.08738444451484566,0.055305426243041106,0.0382417003694069,0.049760212689269806,0.05091424511046708,0.03494887424190895,0.24302521008403366
232,30.859644974479746,140,86,0.40541921643370166,30.859644974479746,0.7142857142857143,0.5930232558139535,100.0,0.05600034997646283,0.08494021776595388,0.07619398895634684,0.038301207163947575,0.048404884092856336,0.0464605073064139,0.04151976069280148,0.06744186046511627
233,33.78603673161489,140,107,0.4072684150661459,33.78603673161489,0.6666666666666666,0.6074766355140186,99.04761807993054,0.048786339773385604,0.07745553573074336,0.04622236943578366,0.03432226692945589,0.06344339491579701,0.04454946461830862,0.02806534427782271,0.11841121495327106
234,22.859586308778123,140,121,0.383428068533005,22.859586308778123,0.4838709677419355,0.743801652892562,99.13978474214673,0.05067927557873604,0.0740961065487502,0.053886618370000465,0.02754361386243357,0.0557919791720467,0.04826879398520181,0.04418593786431113,0.23016528925619836
235,24.440522912320024,140,112,0.41375415759211553,24.440522912320024,0.5128205128205128,0.6517857142857143,99.31623935699463,0.05079705522881543,0.07376365698356038,0.05145497959208324,0.048145716607462495,0.05123036535782438,0.03957628992697384,0.034367359683172914,0.3290178571428573
236,33.318229978975616,140,127,0.47086281462830254,33.318229978975616,0.6216216216216216,0.7086614173228346,98.9189182408154,0.05630127209906111,0.07586716785669233,0.06767525034313382,0.041524116054892236,0.06197457179685998,0.03969681637080891,0.04166929717881157,0.06637795275590552
237,13.822471908679253,140,119,0.41158232271341927,13.822471908679253,0.3103448275862069,0.7563025210084033,99.08045930787921,0.04661832671045822,0.07134873478289326,0.05340431505821749,0.03524037099012549,0.04970535907411264,0.04069381928567172,0.03563697245240048,0.4625210084033614
238,22.305238901858708,140,130,0.4299056198675393,22.305238901858708,0.5428571428571428,0.7307692307692307,100.0,0.04232959364865909,0.07162030075589675,0.030519787496993134,0.03630415477585426,0.04292144424136785,0.040031408331708256,0.03747009824985365,0.5143846153846153
239,4.320316514442294,140,58,0.3241005466134003,4.320316514442294,0.13333333333333333,0.7413793103448276,100.0,0.05200034593763541,0.0883472971012199,0.04539701054994485,0.04267428180146334,0.042114592766383366,0.048703149620527256,0.03689125069437749,0.5049999999999999
240,32.66748615589282,140,107,0.42774168522711803,32.66748615589282,0.7058823529411765,0.6822429906542056,99.21568632125854,0.05581525790026714,0.08037420889419247,0.0602972707744217,0.029808890383754377,0.05131280340537921,0.04929649003969425,0.04579823708547167,0.0549532710280374
241,40.126243453605035,140,125,0.42670824112045097,40.126243453605035,0.7857142857142857,0.664,99.04761807993054,0.04427935361442447,0.05441186017836016,0.05622662325719296,0.04207632966370709,0.04313655771019945,0.04461683106170682,0.031145541020476467,0.09440000000000004
242,32.62540776225433,140,134,0.47089948753581407,32.62540776225433,0.5869565217391305,0.6567164179104478,99.42029118537903,0.04486193970868431,0.07213105335508306,0.03792832631910255,0.031786612886713334,0.04575541178190888,0.047014724681835346,0.03381083787694355,0.24216417910447763
243,39.19171513493207,140,139,0.5060991657764712,39.19171513493207,0.7317073170731707,0.7050359712230215,99.34959313832223,0.04635919908688431,0.0584738875904252,0.049496842623104054,0.032535293889966926,0.05138243683765306,0.04471938119717516,0.03805202532877403,0.09165467625899282
244,15.505404277233952,140,134,0.44319672777342534,15.505404277233952,0.3333333333333333,0.664179104477612,100.0,0.040942944921720105,0.06658995004980628,0.04035568734825034,0.03907139135088513,0.03748401462255037,0.03778280102364293,0.02813833457885103,0.5181343283582086
245,25.216585241291558,140,123,0.45005122255646857,25.216585241291558,0.4857142857142857,0.7154471544715447,100.0,0.05089802484086548,0.07287943852849821,0.07127182416900106,0.03826122171949763,0.03890485338649617,0.03705040034577698,0.028093219477003564,0.1495934959349593
246,28.424073261739824,140,99,0.4265727519639577,28.424073261739824,0.5897435897435898,0.6060606060606061,99.31623935699463,0.05485571921996499,0.07503419236727046,0.0512788341708788,0.04688567281458054,0.05393260361377455,0.046527276369339454,0.029913021977512003,0.16303030303030308
247,44.17553685427932,140,112,0.4680387658608746,44.17553685427932,0.8372093023255814,0.6160714285714286,98.7596889026463,0.052388694963271414,0.07102273825788966,0.05441503998324711,0.03905428002000112,0.059457327580065215,0.04135956248453921,0.0348083427896747,0.02901785714285715
248,3.649618760140141,140,62,0.32221833783759773,3.649618760140141,0.125,0.7419354838709677,98.33333399146795,0.04472342435629648,0.07060752232696106,0.04122773452378863,0.039406231374478136,0.0542291840456514,0.04132483436739188,0.026388897223273287,0.5958064516129032
249,9.128207974349634,140,49,0.28022181635008364,9.128207974349634,0.42857142857142855,0.5714285714285714,98.73015880584717,0.043105987938832704,0.05279716119481718,0.06430892614284796,0.04617457583495053,0.04196027247476728,0.030660078649208163,0.0255108417631192,0.4406122448979592
250,22.928971248015845,140,85,0.42278777710484405,22.928971248015845,0.6071428571428571,0.6705882352941176,98.09523820877075,0.05348907938502473,0.07674607728361024,0.05802429517024588,0.038883560560418515,0.05875021077652457,0.05077199708471784,0.03077449145390367,0.10600000000000002
251,18.664079164278863,140,131,0.4785569649848897,18.664079164278863,0.2972972972972973,0.7175572519083969,98.9189182408154,0.051520500804087876,0.07437745790096677,0.06004676254397234,0.03377815471079383,0.051170042303022766,0.03596306223449207,0.03978726249553162,0.24999999999999994
252,22.43941954521077,140,115,0.40198618954298293,22.43941954521077,0.47368421052631576,0.6695652173913044,98.59649045392871,0.04834085984411143,0.07491334315182245,0.054931225935954606,0.038635642932940674,0.04334061187375826,0.03606083580344961,0.04187155871046677,0.29217391304347823
253,26.237728199646753,140,97,0.3973885534088895,26.237728199646753,0.7307692307692307,0.7319587628865979,98.97435903549194,0.051245253628460885,0.06858121321520895,0.06617949121800709,0.03687229565619351,0.04221981728584554,0.05119389272994574,0.040641714896453865,0.10422680412371137
254,19.452674883609728,140,90,0.4147624804075017,19.452674883609728,0.5185185185185185,0.7,98.51851761341095,0.050868566251152374,0.07342305801670138,0.0544390497840665,0.027496064575581423,0.03812542358237096,0.05208707861029479,0.03206859157474913,0.19455555555555556
255,25.913790336791724,140,107,0.43096902608928267,25.913790336791724,0.5882352941176471,0.6822429906542056,99.21568632125854,0.05105401058851464,0.06895105638474805,0.06596851050371465,0.045478154026021796,0.057050822956740736,0.040355131132272036,0.025248238611457436,0.23841121495327097
256,33.07710425628042,140,126,0.4752026242004884,33.07710425628042,0.5853658536585366,0.6746031746031746,99.34959313832223,0.05233249437314037,0.07074437733406425,0.06317746465667903,0.033954014508115075,0.05597668858756577,0.03310944800470677,0.03476416685651545,0.09825396825396822
257,15.929683055530795,140,81,0.32291524388596576,15.929683055530795,0.45454545454545453,0.5925925925925926,98.38383700698614,0.04124240363237644,0.05734620940667077,0.06176011981409361,0.045180523114568515,0.031072050397027727,0.0348169937866664,0.03069920354989748,0.36555555555555563
258,22.424567915712384,140,92,0.431592776018007,22.424567915712384,0.5517241379310345,0.6847826086956522,99.08045930787921,0.052271045095230666,0.058197419298835984,0.06275245328999401,0.043490272437578595,0.054689330240210304,0.053594786813496276,0.040629967180039396,0.10956521739130437
259,45.809497359835554,140,137,0.4751432881021323,45.809497359835554,0.7551020408163265,0.6423357664233577,99.45578179322183,0.04972004642666135,0.0756750726997258,0.050203162266389746,0.026191581654858645,0.069300417868617,0.03757715599762849,0.043337671241388924,0.05970802919708029
260,19.33987923315312,140,109,0.4525426831647391,19.33987923315312,0.40540540540540543,0.6605504587155964,98.9189182408154,0.04528866004786729,0.06077552494717734,0.04121463099605276,0.03378335881379443,0.04150972977238501,0.036422994112886686,0.03496317959019077,0.275045871559633
261,39.09305564399821,140,125,0.46996385976899535,39.09305564399821,0.8055555555555556,0.712,99.2592602968216,0.051412487561463875,0.07669537659956487,0.058700454814163396,0.03481898927531531,0.04347170572356557,0.04738338108737502,0.035519868800509974,0.041839999999999995
262,49.640698837109255,140,131,0.4808065525800946,49.640698837109255,0.975,0.6946564885496184,100.0,0.05130955614182474,0.0786107806305319,0.0672643860482312,0.04623683315077401,0.04034085316558213,0.03579890964391848,0.040647250856979567,0.015267175572519083
263,23.590304864224485,140,87,0.4262818717674926,23.590304864224485,0.5142857142857142,0.5977011494252874,100.0,0.05806787353138794,0.07392112902426792,0.05388522844918928,0.052465015820381454,0.058747412789186104,0.05771069888645521,0.038946513602933684,0.12275862068965519
264,26.174225633478525,140,125,0.45399336641535065,26.174225633478525,0.4857142857142857,0.72,100.0,0.05201158736221412,0.07948641870878523,0.04114909573174552,0.04087300810287842,0.046465610818176704,0.05167377704464865,0.03609288482816788,0.10760000000000004
265,36.823479005700776,140,104,0.4310615078086648,36.823479005700776,0.7435897435897436,0.625,99.31623935699463,0.056454611535471606,0.08056088459460105,0.0484400880631765,0.048583287830072736,0.049754569326837174,0.05371290262983982,0.04275693570377669,0.0553846153846154
266,30.274802866658817,140,114,0.43352293427749883,30.274802866658817,0.6666666666666666,0.7105263157894737,98.38383700698614,0.05084163657544299,0.07450106099758501,0.04559172500076002,0.04061312968456594,0.05678194663999236,0.06024963367493265,0.03902351249455952,0.09157894736842107
267,23.259137687539415,140,120,0.4201734186698179,23.259137687539415,0.47058823529411764,0.7166666666666667,99.21568632125854,0.05098922008289104,0.06269689722766512,0.058616557798194184,0.04423437932516995,0.058462111909896516,0.04797059368168237,0.03408182682500145,0.20991666666666672
268,46.382621039453014,140,136,0.44257348858154283,46.382621039453014,0.7551020408163265,0.6397058823529411,99.45578179322183,0.054432465751525265,0.10683238031259497,0.04909026919476716,0.04764961463511992,0.05456802660543629,0.04610464067098921,0.03735532194532884,0.0722794117647059
269,23.271218385679973,140,115,0.4569959330240001,23.271218385679973,0.47058823529411764,0.7043478260869566,99.21568632125854,0.048603164518634626,0.0669306028105173,0.04443252785762957,0.037262954733345066,0.04868798984199713,0.04229702534448373,0.04562468518714527,0.151304347826087
270,33.680602698537086,140,140,0.45592035425467536,33.680602698537086,0.5531914893617021,0.6642857142857143,99.14893507957458,0.05325175091940424,0.06953573481545058,0.06818338188851082,0.043255107849155046,0.05407131453062354,0.044567882232851276,0.03129562906915669,0.23400000000000004
271,13.443050185755933,140,86,0.3623501615793858,13.443050185755933,0.3548387096774194,0.6395348837209303,99.13978474214673,0.05259053551530746,0.0705182567083997,0.06096651436435578,0.040094891441818624,0.043713033763970496,0.049170460048256225,0.03176076884083144,0.43604651162790714
272,20.73375048153709,140,88,0.45231094014473955,20.73375048153709,0.5555555555555556,0.6931818181818182,98.51851761341095,0.047359259054129216,0.07080982129662311,0.04015782030980426,0.033118052718430796,0.05328355250841939,0.03710556859488882,0.03267978964710164,0.09284090909090911
273,18.062635003627314,140,112,0.3878322211733323,18.062635003627314,0.4482758620689655,0.7410714285714286,99.08045930787921,0.04649544036513722,0.07550472239642618,0.05386661374392411,0.039614120739946,0.04122817825916248,0.04499620469697424,0.03585876019748942,0.34241071428571396
274,30.57501999465702,140,93,0.4057562644595629,30.57501999465702,0.88,0.7311827956989247,100.0,0.05700800969434631,0.08372965719172701,0.06033540564103495,0.03659145230987864,0.05947009071428351,0.04905265183511468,0.04377631601196527,0.03827956989247312
275,33.795511826532085,140,119,0.462372632575453,33.795511826532085,0.7058823529411765,0.7142857142857143,99.21568632125854,0.05130895982038101,0.06954250815393553,0.056944868788844284,0.021610529908562534,0.050216044116565245,0.05063639063378537,0.03716795096761259,0.037142857142857144
276,21.574589711499456,140,86,0.39326048633562644,21.574589711499456,0.6,0.7093023255813954,100.0,0.05507271297928236,0.0809678341523298,0.055053149891443956,0.052665292851890935,0.04342748277491994,0.04813547613879001,0.04697099420229119,0.13581395348837208
277,37.95784337688545,140,112,0.45804349657261567,37.95784337688545,0.7837837837837838,0.6696428571428571,98.9189182408154,0.056544185666794394,0.08121232441944232,0.05672142174674495,0.04358523418433428,0.05920879066634002,0.046718955210730405,0.043734091083446044,0.0674107142857143
278,4.333656242631423,140,43,0.2939574611637244,4.333656242631423,0.2777777777777778,0.5813953488372093,97.03703727573156,0.04513729793606311,0.08317158075619963,0.04728338093765751,0.037084547777865434,0.05626572809083917,0.03748932981278357,0.03815497111830077,0.5488372093023255
279,30.305304573866387,140,103,0.47895059468351103,30.305304573866387,0.7857142857142857,0.7281553398058253,98.09523820877075,0.050016562389958046,0.06779699255878444,0.06263286354428613,0.02604880849284295,0.041357201009445524,0.04494868680556556,0.03712222511018935,0.04582524271844661
280,30.41071318619288,140,110,0.4764877258842834,30.41071318619288,0.7777777777777778,0.7545454545454545,98.51851761341095,0.053824512299807316,0.07468101738791517,0.047585501047699645,0.04281829458280459,0.0538214332655985,0.05375721578980542,0.038681316974238523,0.06472727272727273
281,12.634551665035863,140,97,0.3538618450749778,12.634551665035863,0.4074074074074074,0.7216494845360825,98.51851761341095,0.04146249311624366,0.07342626239827095,0.041102968171404825,0.032427017284761314,0.04393475112240553,0.03863061040544268,0.03144835322178208,0.5426804123711342
282,22.371517747835846,140,88,0.37358050345552357,22.371517747835846,0.7368421052631579,0.7840909090909091,98.59649045392871,0.05729779020662414,0.07907816233022966,0.050075776906371446,0.05691968301903131,0.06040571241298291,0.04629022666826366,0.0523947914717275,0.05193181818181818
283,18.82612410095555,140,94,0.36303461276875804,18.82612410095555,0.5769230769230769,0.723404255319149,98.97435903549194,0.04301255201420844,0.07960990550972456,0.0467757024426432,0.025854031387500705,0.046036088027201286,0.032857648446766134,0.0404136536586314,0.34478723404255324
284,23.01783105216153,140,125,0.4470528206793363,23.01783105216153,0.42105263157894735,0.696,98.94736856222153,0.04812549111501635,0.06508825954941753,0.05096726027245073,0.02824095059475191,0.05430332783169976,0.051067340827802635,0.03320804150005235,0.20664000000000007
285,12.642826103716608,140,98,0.438419599739513,12.642826103716608,0.3333333333333333,0.7244897959183674,98.51851761341095,0.04493203404484955,0.061394732421212315,0.04599145654272568,0.045556469123272714,0.02740352272905905,0.04007889824167582,0.03794609914061067,0.3844897959183672
286,6.638662831624365,140,89,0.3331645562783567,6.638662831624365,0.21428571428571427,0.6853932584269663,98.09523820877075,0.042988885693957896,0.075079040044857,0.045808231205294876,0.028799417803580984,0.04200882444777221,0.03323184884541199,0.03204319863856688,0.5280898876404493
287,25.311474809281272,140,93,0.4334914080281381,25.311474809281272,0.7391304347826086,0.7526881720430108,97.68115878105164,0.055657084538396816,0.07358636111657754,0.052794119957908,0.042399551639486596,0.05223305634550296,0.06237253002724883,0.04098662704858762,0.052258064516129035
288,16.322062157241355,140,120,0.435027024278009,16.322062157241355,0.3333333333333333,0.75,100.0,0.04906897390671641,0.0673472108380739,0.051495528895814345,0.033098753820958775,0.04712920625885475,0.046538222149261524,0.042224564179588114,0.33625000000000005
289,13.533705041122639,140,96,0.4150250799976581,13.533705041122639,0.3076923076923077,0.59375,99.31623935699463,0.04708725200474203,0.06182321011018948,0.046875703478097545,0.04727380178706288,0.031237920959508524,0.0474179686570006,0.0414227083336516,0.39208333333333334
290,36.79141334906411,140,83,0.4448812190906066,36.79141334906411,0.9393939393939394,0.6024096385542169,98.78787891939282,0.05252551689649869,0.07388542563307822,0.05567472165449483,0.04056882586569992,0.06751206866453395,0.059715514425017505,0.03800654583263317,0.025783132530120483
291,33.739130625661375,140,140,0.4416164619287987,33.739130625661375,0.5777777777777777,0.6785714285714286,100.0,0.04604720484678168,0.07166155172566566,0.048823913518990125,0.03514598066011144,0.04516631595856271,0.04239173465034438,0.03787147439739945,0.15321428571428575
292,3.7569805846085096,140,40,0.3277019742796202,3.7569805846085096,0.2857142857142857,0.65,98.09523820877075,0.04136401590151771,0.06484112142739144,0.04267553493242885,0.04934858119796902,0.07098632916946068,0.028844150336784863,0.029799265826107812,0.53525
293,3.0653501965442738,140,42,0.31440085013549074,3.0653501965442738,0.2,0.6428571428571429,100.0,0.048861645580928995,0.06905873199126293,0.07004603208706853,0.04610977006931826,0.03574587835250028,0.04598427422332792,0.03844599389556334,0.5371428571428573
294,26.25004454060867,140,90,0.4220466075398429,26.25004454060867,0.6176470588235294,0.6222222222222222,99.21568632125854,0.052961545610017154,0.07263907839979879,0.051356263648777656,0.043621801709763104,0.053110979301419343,0.06557070890197561,0.03250579712858785,0.126
295,21.75543173323228,140,85,0.3830058295031495,21.75543173323228,0.64,0.7058823529411765,100.0,0.050277859491551655,0.0766163832163214,0.058684422387453514,0.04630705739723633,0.052533617500212536,0.035889415538447975,0.037181424523172045,0.12752941176470592
