seed,episode,return,cumulative_reward,ttm,total_steps,question_accuracy,content_rate,blueprint_adherence,post_content_gain,post_content_gain_video,post_content_gain_PPT,post_content_gain_text,post_content_gain_blog,post_content_gain_article,post_content_gain_handout,final_mastery,mean_frustration
0,5,69.557602946517,69.557602946517,140,140,0.8974358974358975,0.44285714285714284,0.7846153846153846,0.05394600650854905,0.07914058084317291,0.06633252404827077,0.04444109833464456,0.05049562271078318,0.043961552888423544,0.03527150256035157,0.4295232876440309,0.041
0,6,17.330576701691946,17.330576701691946,85,85,0.4897959183673469,0.4235294117647059,0.8489795918367347,0.0444997356483639,0.07986828415270775,0.0432685787785522,0.010683986161006201,0.04043654645560907,0.06266671290889039,0.022672887803407732,0.4094994110011599,0.4945882352941175
0,7,78.3630800107825,78.3630800107825,140,140,0.975,0.42857142857142855,0.7250000000000001,0.05327162275102659,0.06304786633240339,0.06186267596804291,0.0396568142167094,0.05579751629884226,0.04812855632025897,0.04388748187697496,0.45900067839404357,0.009714285714285717
0,8,21.87463705752728,21.87463705752728,81,81,0.5897435897435898,0.5185185185185185,0.8615384615384616,0.050784254880528255,0.07794895835360852,0.06051647986880171,0.031519118018467886,0.04705609258260432,0.047245459089482425,0.032817045646154556,0.4001882720052869,0.27061728395061724
0,9,49.05916346572974,49.05916346572974,140,140,0.7571428571428571,0.5,0.7285714285714286,0.04923539993972382,0.0679194966117965,0.055308459536347755,0.032215799809161394,0.05409915506369741,0.04936513312630501,0.04212818169912672,0.44135295131525304,0.19571428571428587
0,10,39.33046316552903,39.33046316552903,140,140,0.5694444444444444,0.4857142857142857,0.8027777777777778,0.050285979840026224,0.07464840751127137,0.05287838172699975,0.03753081658340358,0.0504381110878324,0.0404062108340471,0.024220324768498273,0.43983868350243627,0.18378571428571436
0,11,2.1658820393294884,2.1658820393294884,32,32,0.3157894736842105,0.40625,0.8210526315789474,0.032966427243559346,0.05066476708090864,0.04378945340243133,0.0,0.03433536493505329,0.03830508033830797,0.006897173286499192,0.32086076054509305,0.5162500000000001
0,12,44.74691865131433,44.74691865131433,140,140,0.6986301369863014,0.4785714285714286,0.8246575342465754,0.05086325223726429,0.07881079334102159,0.055236978731164094,0.039547319567427144,0.05447894071541744,0.046551489379774415,0.0394188445549341,0.4054484365238754,0.33285714285714263
0,13,6.406308404214242,6.406308404214242,38,38,0.4230769230769231,0.3157894736842105,0.8615384615384616,0.03457154667681087,0.07820784167392564,0.030024748051095174,0.005592778470758675,0.00044304943949025066,0.02023308650408749,0.04883622911009275,0.3310854992572883,0.4178947368421053
0,14,0.08476068864297914,0.08476068864297914,32,32,0.25,0.5,0.8375,0.04919850891952829,0.0,0.06568241804788633,0.0,0.04510862134423361,0.047126592888644084,0.05399152671586501,0.29036616680332394,0.5549999999999999
0,15,-0.804134863436123,-0.804134863436123,18,18,0.2727272727272727,0.3888888888888889,0.49090909090909096,0.029866481492519883,0.052675743245788165,0.0,0.026980376285345387,0.0,0.0,0.025881850183301126,0.2795217639565676,0.523888888888889
0,16,74.34729533068942,74.34729533068942,140,140,0.922077922077922,0.45,0.8155844155844156,0.05534710206296723,0.07597284544630954,0.06589506124459164,0.04359953052438407,0.0482627629510906,0.04088380017021323,0.030053207745559585,0.48077375001490635,0.011571428571428573
0,17,56.084671308527454,56.084671308527454,140,140,0.7532467532467533,0.45,0.8155844155844156,0.044535777637408736,0.06024536015616677,0.05494985223116233,0.030703082054996243,0.04989572642282675,0.04913248114292345,0.03183541059604488,0.47084531507393373,0.1255714285714286
0,18,40.89773270592319,40.89773270592319,140,140,0.6153846153846154,0.44285714285714284,0.7589743589743589,0.047012273634003836,0.06565375756649885,0.05590822257188416,0.04048520529038864,0.0502283662515576,0.03560086601098906,0.030622051650363233,0.4235926491319253,0.3383571428571429
0,19,82.23660981594644,82.23660981594644,140,140,0.9032258064516129,0.3357142857142857,0.7655913978494624,0.05815900445634115,0.09032580046745893,0.06884760199261125,0.05658074950253296,0.04803586987737588,0.0350202403086336,0.03603560953063865,0.4748675242025746,0.034571428571428586
0,20,58.111968398761135,58.111968398761135,140,140,0.7252747252747253,0.35,0.7516483516483516,0.04424343426405439,0.0518371145154082,0.04754241301716077,0.056888233356475824,0.0480635424100247,0.03972467160648706,0.030994827926318535,0.4425017827211116,0.16064285714285723
0,21,75.40297169758149,75.40297169758149,140,140,0.8941176470588236,0.39285714285714285,0.8352941176470589,0.05455744893631361,0.06897233157889335,0.07150343621716862,0.03959600083187285,0.0515759262652703,0.051664792036805185,0.037758361756144214,0.454808284397657,0.03328571428571429
0,22,1.57218127768806,1.57218127768806,32,32,0.25,0.5,0.7625,0.059480793902652644,0.08968518452432826,0.08943473408930815,0.03788976964669985,0.062308340030350906,0.03922732682331667,0.050292569260936115,0.3297008090339015,0.43937500000000007
0,23,64.87361752105842,64.87361752105842,140,140,0.788235294117647,0.39285714285714285,0.8352941176470589,0.048323491725632536,0.06755922100505792,0.04775608895262767,0.04498453679926917,0.05311294592779626,0.05285033675082798,0.03444306760015452,0.49013005501827206,0.07435714285714289
0,24,83.40236080283866,83.40236080283866,140,140,0.8490566037735849,0.24285714285714285,0.8433962264150944,0.04786887621541198,0.06735232088637168,0.05614754256537519,0.0369533101310112,0.04249971969954572,0.043855633901690526,0.0338786349305785,0.43896329998957034,0.06742857142857143
0,25,60.683653713220345,60.683653713220345,140,140,0.7065217391304348,0.34285714285714286,0.8347826086956522,0.04972842908803606,0.0758067920970094,0.05109814039203011,0.04725641299226392,0.05286777204154458,0.039055048230919355,0.031974013158501804,0.38887050030321174,0.12050000000000004
0,26,48.928146425146686,48.928146425146686,140,140,0.6626506024096386,0.40714285714285714,0.8337349397590361,0.047687600480265616,0.06646608104634653,0.05306155030610105,0.042931359096674684,0.05622134739800259,0.03715780084947933,0.029387510352784352,0.4294529273719118,0.3174285714285714
0,27,14.548014716625929,14.548014716625929,57,57,0.5135135135135135,0.3508771929824561,0.8324324324324325,0.041420107345527125,0.045663612287108475,0.07692173903025185,0.017479175212304632,0.04151945975046872,0.03504374715996912,0.041593027189325345,0.34359855970482095,0.32596491228070185
0,28,11.470109393536129,11.470109393536129,59,59,0.47058823529411764,0.423728813559322,0.7823529411764706,0.05571707418016974,0.07834794239970294,0.06728909510687524,0.04641155630078821,0.05437003244967534,0.06673786066427698,0.03680646805853224,0.3003222893869608,0.34762711864406787
0,29,85.56095264845824,85.56095264845824,140,140,0.9883720930232558,0.38571428571428573,0.7837209302325582,0.05706648135766329,0.07599203205020198,0.06491477960964519,0.058284262395545565,0.05254280976862632,0.05372783852506613,0.047179336745797995,0.42786912615361744,0.00985714285714286
0,30,64.03638700194148,64.03638700194148,140,140,0.8095238095238095,0.4,0.8047619047619048,0.04729005723785728,0.08123961469721484,0.029514803472288742,0.03817386436170332,0.04285498355765068,0.04430487047396679,0.02873371800575046,0.46584972499544947,0.10000000000000005
0,31,-0.9829124090165493,-0.9829124090165493,23,23,0.1875,0.30434782608695654,0.775,0.04517723727717843,0.0,0.037710642017125165,0.0,0.04856785466725061,0.04925321514715952,0.0,0.3130288014164966,0.5417391304347825
0,32,26.449782381826562,26.449782381826562,75,75,0.6,0.3333333333333333,0.86,0.05061675933401822,0.07729120320504629,0.07983839082006268,0.05381756385047021,0.029660499455472725,0.0462003171197112,0.026903397842796287,0.349072017307115,0.22773333333333337
0,33,5.460049195234875,5.460049195234875,39,39,0.36363636363636365,0.4358974358974359,0.8090909090909091,0.0462548112027545,0.07361787508988293,0.05623430515320328,0.013956657236703425,0.054581943465001004,0.04767656894415421,0.02690297595181583,0.3106382019387695,0.30435897435897447
0,34,13.768755932771471,13.768755932771471,50,50,0.5517241379310345,0.42,0.7793103448275862,0.05505569818496626,0.09100969939275853,0.0,0.039252469962298524,0.06406749701375973,0.05319655611091978,0.049941180643771066,0.35321695611596693,0.26060000000000005
0,35,17.50652186657179,17.50652186657179,73,73,0.5238095238095238,0.4246575342465753,0.8285714285714286,0.05425343696020789,0.06462493231225311,0.05392971724230512,0.05311230915910444,0.050606916275873846,0.05979998303970742,0.038732343070958596,0.39237352592530583,0.3880821917808219
0,36,3.0897473563820252,3.0897473563820252,32,32,0.36363636363636365,0.3125,0.8090909090909091,0.042874358104324786,0.07622352083687584,0.03655904175376484,0.04236264243551142,0.017562870602238517,0.040964787350955156,0.0,0.34849086851823147,0.5781249999999999
0,37,-0.8060021964594031,-0.8060021964594031,24,24,0.25,0.3333333333333333,0.7125,0.04504106471812901,0.07829292544814948,0.07087298580481605,0.0,0.0,0.005005335441185893,0.038908972721708165,0.3105966101770442,0.5333333333333333
0,38,24.383615262493006,24.383615262493006,96,96,0.5849056603773585,0.4479166666666667,0.7773584905660378,0.04418506572857735,0.06573735161644444,0.06072157915376087,0.03842035047716772,0.0331145399110935,0.03556828898219556,0.02757259687907883,0.389139467036885,0.4169791666666667
0,39,48.672597840951134,48.672597840951134,140,140,0.6511627906976745,0.38571428571428573,0.8418604651162791,0.04788998109996022,0.06413883764079478,0.05738949942460095,0.035500545872175646,0.04720102950077594,0.03636974206426744,0.03061647901045786,0.3898821490019918,0.2476428571428571
0,40,10.113318043992757,10.113318043992757,51,51,0.4411764705882353,0.3333333333333333,0.8411764705882353,0.05492656683599854,0.06425793557688672,0.05204970886965612,0.03311345182375161,0.07345770653041084,0.06091036595334265,0.0075138792718702635,0.29338066436482363,0.39764705882352935
0,41,18.629057404687682,18.629057404687682,111,111,0.5,0.4774774774774775,0.8137931034482759,0.04215014257138823,0.05421462448073087,0.05187093532105846,0.034028165067976145,0.042681122306786334,0.027976177467664422,0.04299324698518853,0.3795453659643926,0.547027027027027
0,42,82.66016399583351,82.66016399583351,140,140,0.8529411764705882,0.2714285714285714,0.8019607843137255,0.051383084003210525,0.0684382803018658,0.04202329866550862,0.03246620702798191,0.059501944164974244,0.04786579796926854,0.038570598541023335,0.45424300462644035,0.0888571428571429
0,43,4.228641797476032,4.228641797476032,33,33,0.36363636363636365,0.3333333333333333,0.8545454545454545,0.053875571368209155,0.08402125871372579,0.08423379268669351,0.021286400256429024,0.06059194730157769,0.03900349839167794,0.0,0.28686415024750406,0.4657575757575758
0,44,67.87689991921607,67.87689991921607,140,140,0.8536585365853658,0.4142857142857143,0.7780487804878049,0.0540433315776978,0.07574309590911071,0.07558672658792424,0.04479491710576907,0.04845265812865782,0.04094063831942734,0.04621287284730758,0.47039674207067406,0.06071428571428573
0,45,68.78788491366241,68.78788491366241,140,140,0.8214285714285714,0.4,0.8761904761904762,0.04826917099489888,0.07699613106807918,0.053375538686209215,0.03260931586691907,0.05668750033081815,0.04598477863707928,0.04135204836953581,0.43011016167392285,0.033
0,46,49.04664324651925,49.04664324651925,140,140,0.7088607594936709,0.4357142857142857,0.7417721518987341,0.04113362265779491,0.06243413744783251,0.049260356149317584,0.03169517068162343,0.03644157168198592,0.02152493451817065,0.0431070833974081,0.49443966131963835,0.17964285714285722
0,47,69.00512275894283,69.00512275894283,140,140,0.8554216867469879,0.40714285714285714,0.7373493975903614,0.05431817506770346,0.07955141939887692,0.07444824405314747,0.045509521296082926,0.060924602590417855,0.046642372523742766,0.043325743301907464,0.45707406944174556,0.06700000000000002
0,48,62.47584189280704,62.47584189280704,140,140,0.7857142857142857,0.4,0.8523809523809525,0.04166372764408771,0.0645604433589177,0.03706390532924463,0.03558834490560387,0.04994064309293282,0.036715577714431444,0.027290692128020873,0.49180192298890574,0.18042857142857144
0,49,4.616986309587346,4.616986309587346,38,38,0.3888888888888889,0.5263157894736842,0.6777777777777778,0.034728261209598224,0.040369323404222,0.04941121060265982,0.021035603684650777,0.027470340025593815,0.040547691618171504,0.0226415801580222,0.3282875462264809,0.471578947368421
0,50,37.30133547655649,37.30133547655649,140,140,0.6142857142857143,0.5,0.8571428571428572,0.047373089191276224,0.05734194090933166,0.050376661871982066,0.03383263179284024,0.04796263824342996,0.05039114341056424,0.03586460406776904,0.446927581508938,0.3333571428571427
0,51,72.94231247895817,72.94231247895817,140,140,0.8651685393258427,0.36428571428571427,0.7370786516853933,0.05965844536858707,0.08388574939694322,0.06555477276233802,0.04655002335783344,0.044012579871802106,0.049081972775511434,0.045996048371301695,0.45613071357869234,0.03392857142857143
0,52,85.35867747438697,85.35867747438697,140,140,0.88,0.2857142857142857,0.81,0.049629788749168346,0.07200204060130788,0.06254209872634432,0.040197960178544524,0.04455039317233912,0.05316203087781282,0.022131441710442287,0.4148676107460318,0.03700000000000001
0,53,5.942918523765453,5.942918523765453,56,56,0.3793103448275862,0.48214285714285715,0.8482758620689655,0.046026688063788165,0.05834799681346414,0.051176858319946276,0.038356453133749496,0.0477321721759448,0.0668326999612168,0.0,0.34969197772670807,0.5217857142857143
0,54,62.28395862739349,62.28395862739349,140,140,0.75,0.37142857142857144,0.8772727272727273,0.044784869822519655,0.07028090943276667,0.042565666024933266,0.03298349781642086,0.03949713174939867,0.03978927065486609,0.03250732595097363,0.47045443531177955,0.17907142857142866
0,55,1.5376899968460012,1.5376899968460012,30,30,0.2777777777777778,0.4,0.7555555555555555,0.050790994065782157,0.0511038284917775,0.07800774698916227,0.029329169318074232,0.05055085677516613,0.060285304556845304,0.03737509798905264,0.2625366356734143,0.5403333333333332
0,56,80.20459116706758,80.20459116706758,140,140,0.8469387755102041,0.3,0.8795918367346939,0.044883244866721926,0.07846579524548347,0.05513541773531201,0.023430634476164083,0.03679343573307928,0.0434232797827086,0.04391233002640204,0.46818066207934755,0.05650000000000001
0,57,78.24192031462997,78.24192031462997,140,140,0.826530612244898,0.3,0.8285714285714285,0.0561863589572811,0.08838711942688231,0.04931747658146259,0.012270625598856688,0.050859765239098485,0.05983201967928823,0.05191974933323169,0.4263728036806187,0.05500000000000001
0,58,3.8493871587244777,3.8493871587244777,26,26,0.4,0.23076923076923078,0.7000000000000001,0.02739145191202841,0.08998336589166411,0.0,0.015026740063177446,0.0,0.002818592305130596,0.0017371093881414779,0.30893855150692967,0.4546153846153847
0,59,4.440348147818791,4.440348147818791,38,38,0.375,0.3684210526315789,0.8166666666666667,0.04354235735085593,0.05733584723216216,0.03132297265579197,0.04455582998842691,0.07087366847282706,0.0,0.025208282461029408,0.3865671414446377,0.4713157894736842
0,60,65.39035363591762,65.39035363591762,140,140,0.7954545454545454,0.37142857142857144,0.8090909090909091,0.05830980542311906,0.0933297602562979,0.06768461345990708,0.03535527069560294,0.044386801381384594,0.047535402793751826,0.037971784853726,0.43664429194928345,0.0816428571428572
0,61,8.97179394811429,8.97179394811429,48,48,0.4074074074074074,0.4375,0.8074074074074075,0.050315294855604396,0.07965530668561023,0.07256539092387186,0.03524701548817205,0.04276970297477134,0.032327512527195734,0.03275212593364211,0.3616065319544346,0.26395833333333335
0,62,56.154943307539156,56.154943307539156,140,140,0.7368421052631579,0.45714285714285713,0.8736842105263158,0.051074465477448296,0.07913776629984687,0.06411615991416698,0.02783332252300623,0.04740147560758278,0.04525203223317616,0.041592279657590034,0.4413934325846172,0.15164285714285716
0,63,41.79936135615389,41.79936135615389,140,140,0.647887323943662,0.4928571428571429,0.8084507042253521,0.04385947724900595,0.062262746245172945,0.047958579614052754,0.05236032785525962,0.02876658173907809,0.03544102446417268,0.049319610470041284,0.4940209374269336,0.20250000000000007
0,64,68.18304918764447,68.18304918764447,140,140,0.8023255813953488,0.38571428571428573,0.8186046511627907,0.05977579194775234,0.07982228832745104,0.07034202489484492,0.047929141979769434,0.06618352222984726,0.0666358702573216,0.028739727355766777,0.41986185170528395,0.08135714285714288
0,65,70.48996155689689,70.48996155689689,140,140,0.8918918918918919,0.4714285714285714,0.845945945945946,0.057790284361869663,0.06975152106249657,0.059437554724914236,0.049547961581646746,0.046686214779097186,0.06157754953947681,0.03500450999153928,0.44899615570032647,0.03342857142857144
0,66,-2.029940270591334,-2.029940270591334,16,16,0.0,0.5625,0.4,0.04511442941159254,0.046992162820770775,0.1133276374566034,0.02523995030036931,0.0,0.06550540927149287,0.027577530577985464,0.2834306032231055,0.46437500000000004
0,67,2.2045577452736658,2.2045577452736658,28,28,0.3333333333333333,0.35714285714285715,0.7333333333333334,0.04091980394465912,0.11384883953099006,0.03495259824824398,0.04192103510309281,0.029835774242108787,0.03748097393693056,0.0,0.2992851813140229,0.5210714285714285
0,68,5.769093995120834,5.769093995120834,42,42,0.4090909090909091,0.47619047619047616,0.8090909090909091,0.04162323424392144,0.06811541695715502,0.0597978862928939,0.026087233426686687,0.041878706624234936,0.04139767680980563,0.023636672779853405,0.3546611030744447,0.46500000000000014
0,69,59.013172483720254,59.013172483720254,140,140,0.7209302325581395,0.38571428571428573,0.8302325581395349,0.0462764609951204,0.0679810057127848,0.05677111499699942,0.03921990126937392,0.045579981211000944,0.027394360998836978,0.03656252637154222,0.43388813929790365,0.18942857142857147
0,70,59.83527839406932,59.83527839406932,140,140,0.7674418604651163,0.38571428571428573,0.7604651162790698,0.04673785995490708,0.07064102916652838,0.06826664599271862,0.03534751237802479,0.04196682436095349,0.03349610977960229,0.030871094002692563,0.4535179324358007,0.09800000000000002
0,71,52.40477707955638,52.40477707955638,140,140,0.6966292134831461,0.36428571428571427,0.7595505617977528,0.053396587907514635,0.08595853819799255,0.06830813544366102,0.05047419737259993,0.04738300474320785,0.04061216601446742,0.03150738766550029,0.43657666175990245,0.2375714285714286
0,72,56.40000534517713,56.40000534517713,140,140,0.7142857142857143,0.4,0.7928571428571429,0.04725929307300747,0.07872961842663291,0.05634714922742634,0.032044837828902405,0.04431309591274179,0.04077848617256381,0.027692175294443615,0.43816716853697185,0.08935714285714288
0,73,9.046444128548684,9.046444128548684,54,54,0.5142857142857142,0.35185185185185186,0.7142857142857143,0.042427979258023864,0.0,0.07042660814220979,0.020533881199449044,0.04720456490147151,0.02586856883351372,0.03149323887165755,0.29829830528552576,0.5296296296296296
0,74,74.9485621287883,74.9485621287883,140,140,0.9487179487179487,0.44285714285714284,0.7846153846153847,0.05207712408463726,0.08133485186987438,0.055157882046619616,0.03969560615060692,0.0512537504958864,0.04312763271020365,0.028167292229095885,0.4937765810986673,0.013785714285714287
0,75,1.7687757364249899,1.7687757364249899,29,29,0.3333333333333333,0.3793103448275862,0.6777777777777778,0.058430415650580846,0.09409859981929047,0.05420953158415646,0.048145186375273485,0.0,0.06279611070044329,0.04289825708217182,0.2778729753006729,0.4744827586206898
0,76,12.381472904223052,12.381472904223052,70,70,0.42857142857142855,0.4,0.8428571428571429,0.047584404527422214,0.0701346945768416,0.024834748595289557,0.03371305900055278,0.06177997816169648,0.02524432121851733,0.027239350740967578,0.3612689278514286,0.4439999999999999
0,77,72.03809506438462,72.03809506438462,140,140,0.7894736842105263,0.32142857142857145,0.8315789473684211,0.055836335737951645,0.08753301740937161,0.07413368739245331,0.040016037092702475,0.04140212253065592,0.0473773108094095,0.0369262932511854,0.4179280477519803,0.10671428571428575
0,78,7.176506084661624,7.176506084661624,52,52,0.4411764705882353,0.34615384615384615,0.7823529411764706,0.042545130362230316,0.05813393831563285,0.046808209688862214,0.038464363080848996,0.04711851591499017,0.02684981811594182,0.04698592837376625,0.38711658233172247,0.5525000000000001
0,79,32.63459504235455,32.63459504235455,140,140,0.5256410256410257,0.44285714285714284,0.8153846153846154,0.04743121536757605,0.0617901911211578,0.04980848400919056,0.04546589917998123,0.04588844530474903,0.04074224413119301,0.040574313207236194,0.387618889669647,0.32892857142857157
0,80,3.5812797084746366,3.5812797084746366,38,38,0.3157894736842105,0.5,0.7263157894736842,0.04345702108517859,0.10098134881155657,0.05389527868558851,0.025076361915786494,0.045152423787255994,0.027329743983743732,0.03780421558634963,0.35066431889643757,0.4297368421052632
0,81,20.765365152990523,20.765365152990523,78,78,0.6,0.4230769230769231,0.7777777777777778,0.04463630810849319,0.044038157457275476,0.09560254958874534,0.037868807147940844,0.03905630703699407,0.03730320176988349,0.024610693951940855,0.42545440296795606,0.3697435897435898
0,82,63.79450786066361,63.79450786066361,140,140,0.7553191489361702,0.32857142857142857,0.8042553191489362,0.045328192877105475,0.06991316111795405,0.04756152855948463,0.04419532479737339,0.05119969597163212,0.036311896146176456,0.03394184870769347,0.4377880912093801,0.15642857142857147
0,83,5.902559811665497,5.902559811665497,57,57,0.4,0.47368421052631576,0.7333333333333334,0.05198419427126698,0.07987131546735182,0.04921296756497352,0.041271319078354934,0.0473587874026258,0.029313573225695375,0.03376756897088526,0.31266372811846227,0.523157894736842
0,84,61.15654074000096,61.15654074000096,140,140,0.7263157894736842,0.32142857142857145,0.8421052631578947,0.050555142274596676,0.0714284666290324,0.0649264899384227,0.039765682460005704,0.043670828324823205,0.042165199946111474,0.017672832246479142,0.45544272374323913,0.26564285714285707
0,85,3.88995686520692,3.88995686520692,36,36,0.36363636363636365,0.3888888888888889,0.7181818181818183,0.042935506601724384,0.03461647633385869,0.04541781080901596,0.049793402192397626,0.07514741278485057,0.02697929230732876,0.05351257633766009,0.3186940782622799,0.5208333333333334
0,86,56.11566006270263,56.11566006270263,140,140,0.7093023255813954,0.38571428571428573,0.7953488372093023,0.05167409454002366,0.06465682140841095,0.04658479043250606,0.039075830064013835,0.0590656291276621,0.05537219377896471,0.031040916887674304,0.43283826977724404,0.07828571428571432
0,87,20.745581836337582,20.745581836337582,80,80,0.5813953488372093,0.4625,0.772093023255814,0.049150436063533226,0.07129919552955437,0.0451964910015889,0.0417495095597101,0.03458028059522929,0.05400792153355571,0.04042124327913101,0.4009427860729719,0.29525
0,88,60.210154920242005,60.210154920242005,140,140,0.7325581395348837,0.38571428571428573,0.8976744186046511,0.04204238177014057,0.06060106039124341,0.03494720932510698,0.037045920220414474,0.040885798858684166,0.0441301512796232,0.032612014509877905,0.46155658567043134,0.19178571428571425
0,89,67.46775222929088,67.46775222929088,140,140,0.7446808510638298,0.32857142857142857,0.8680851063829788,0.05297381623500051,0.07824615730859255,0.06888285524789545,0.03668626000417824,0.0379821506041288,0.052745487033216104,0.021275934957131398,0.4339162501957858,0.14585714285714285
0,90,-0.11589299762026328,-0.11589299762026328,22,22,0.26666666666666666,0.3181818181818182,0.7333333333333334,0.048877798830192005,0.0,0.06490177558185967,0.0,0.05734949280801324,0.0,0.03788867726108863,0.27363413157245825,0.615
0,91,68.02815310105835,68.02815310105835,140,140,0.7872340425531915,0.32857142857142857,0.8574468085106384,0.04171265133297428,0.06863412367881534,0.03403683402501511,0.0333402204642625,0.05551467789950656,0.03692233442824431,0.029842913648569912,0.4406404768202346,0.14550000000000005
0,92,85.96947389272631,85.96947389272631,140,140,0.9,0.2857142857142857,0.81,0.057809021150929916,0.0841045610473878,0.0745923594204686,0.03748552275566715,0.059338281652700074,0.048542659543295105,0.04317021581159423,0.48547932285108986,0.026142857142857148
0,93,0.31131772946835107,0.31131772946835107,22,22,0.2,0.3181818181818182,0.8666666666666667,0.040836201706671106,0.06939944176044267,0.0,0.0,0.023238681465401423,0.013580203493297166,0.0,0.32278884793355445,0.5618181818181818
0,94,50.96246341804214,50.96246341804214,140,140,0.6627906976744186,0.38571428571428573,0.8302325581395349,0.047018406165693076,0.0742074961422776,0.058647072620653024,0.03294268329880158,0.048419044928420404,0.037303068062336346,0.024635078125144406,0.4607034283205839,0.17664285714285724
0,95,6.1569334003561496,6.1569334003561496,41,41,0.36,0.3902439024390244,0.76,0.05129874529193203,0.08365861020192338,0.05414951531765643,0.0,0.05813917668574264,0.03400626534673029,0.02891541315757859,0.3766037706344236,0.32390243902439025
0,96,75.90797018950028,75.90797018950028,140,140,0.7878787878787878,0.29285714285714287,0.8444444444444444,0.05864716250824742,0.07796944726831977,0.08024401382818254,0.02801540203801643,0.06191722327826112,0.03781274357611712,0.03792579038244455,0.4638229279953228,0.07785714285714289
0,97,46.04968318011025,46.04968318011025,140,140,0.6363636363636364,0.37142857142857144,0.8090909090909091,0.04768101902472103,0.056521853354890586,0.05576137068490459,0.045235275128380825,0.05589174971065017,0.0250437099804195,0.03954585382521343,0.42617638905430494,0.3253571428571429
0,98,2.30428463100887,2.30428463100887,47,47,0.3333333333333333,0.48936170212765956,0.7333333333333334,0.04520683020259253,0.058750433780529965,0.060404381815892416,0.021029482670380767,0.031818962095734156,0.0,0.036815761415510795,0.2568368919857668,0.6040425531914893
0,99,3.0365450415522224,3.0365450415522224,38,38,0.38461538461538464,0.3157894736842105,0.7076923076923077,0.06032682568123247,0.09634990114035422,0.06099901202721239,0.03457763741544673,0.06161250607695042,0.0,0.0,0.3397980325847393,0.4934210526315789
0,100,72.35921025636503,72.35921025636503,140,140,0.8505747126436781,0.37857142857142856,0.8367816091954023,0.04873169075109064,0.07155129913539537,0.05197214061194357,0.024124400865259694,0.057543451642760514,0.0434613240362207,0.037872024478795244,0.47448222041773747,0.0632857142857143
0,101,64.4034387519639,64.4034387519639,140,140,0.7613636363636364,0.37142857142857144,0.8477272727272727,0.05254311715275754,0.06662121472140983,0.06091469026466089,0.046699932115185826,0.04507262892438204,0.05737425757139554,0.03927595073563694,0.4644284973339499,0.07742857142857144
0,102,93.87466949727244,93.87466949727244,140,140,0.941747572815534,0.2642857142857143,0.8077669902912621,0.0465890478496519,0.07581622051308924,0.046451666388085976,0.030026552869420298,0.062159194486451325,0.027713823209365624,0.05860136152019708,0.48545548668504507,0.019571428571428576
0,103,80.87145576252298,80.87145576252298,140,140,0.9195402298850575,0.37857142857142856,0.825287356321839,0.05476775247416949,0.07750944963382106,0.06363291943183416,0.04065923045602502,0.05046083844814016,0.049743818814299096,0.031517141952433554,0.46163971013460886,0.024428571428571435
0,104,4.4602143821095686,4.4602143821095686,40,40,0.391304347826087,0.425,0.8521739130434782,0.03779931770474319,0.0,0.05129890968328698,0.027574208365569165,0.03966532802884154,0.028139974468241496,0.048985911626244855,0.31185651384118923,0.43450000000000005
0,105,70.43376425748482,70.43376425748482,140,140,0.7745098039215687,0.2714285714285714,0.8019607843137255,0.04629557034824223,0.07647007390548843,0.042537277105916066,0.034788946775485004,0.054022496471617804,0.052414797155667124,0.029221353923975135,0.44520346801240085,0.1386428571428572
0,106,2.6087874686470296,2.6087874686470296,28,28,0.3888888888888889,0.35714285714285715,0.7333333333333334,0.03775418125527245,0.0,0.0,0.024076703994155235,0.026190339897646093,0.035207854488660636,0.09630848965571599,0.2660053981385446,0.5039285714285715
0,107,63.55002492075656,63.55002492075656,140,140,0.735632183908046,0.37857142857142856,0.8551724137931034,0.055542607450652176,0.06846473826820591,0.04930752242393182,0.06589634798674456,0.049098510850715066,0.03934943375212666,0.05239720667875852,0.4367934895071916,0.08207142857142859
0,108,86.27986956089644,86.27986956089644,140,140,0.8947368421052632,0.32142857142857145,0.8947368421052632,0.054393258215759785,0.06956590960764071,0.0800580593018684,0.040290043679282975,0.045668731146583666,0.034979576505296865,0.04700819161406062,0.45390093212011523,0.05550000000000001
0,109,3.4163217253034244,3.4163217253034244,27,27,0.42857142857142855,0.2222222222222222,0.8285714285714286,0.04040380100795661,0.039821561777039494,0.0,0.03483131407362002,0.052713253338463995,0.0,0.0,0.277411703920062,0.5129629629629628
0,110,52.45637134048276,52.45637134048276,140,140,0.7294117647058823,0.39285714285714285,0.8470588235294118,0.04622324334350865,0.06483473153341215,0.059266487721793965,0.03931337919527744,0.05001450211502109,0.0382865694565211,0.030954520461851653,0.41533840631270685,0.3730714285714283
0,111,73.27035516597931,73.27035516597931,140,140,0.8522727272727273,0.37142857142857144,0.7522727272727273,0.05792250968026631,0.07559941465694885,0.07421550958183591,0.04606502886039974,0.04372405894468636,0.053553820326394996,0.03521356630169812,0.45929903217869034,0.058500000000000024
0,112,96.43501375865415,96.43501375865415,140,140,0.9509803921568627,0.2714285714285714,0.8803921568627451,0.052713345293619825,0.06831842490250575,0.06360787631631178,0.027672266088168324,0.055169999864734406,0.04291444658104143,0.03745509374475034,0.445962397856606,0.014071428571428573
0,113,80.84025847722745,80.84025847722745,140,140,0.9411764705882353,0.39285714285714285,0.8352941176470589,0.054374267757593325,0.07090291765596651,0.05322452698421399,0.04425281719639497,0.05539668793985838,0.052273882083856624,0.04873533325333147,0.5127200029059554,0.013571428571428575
0,114,11.139273080245705,11.139273080245705,76,76,0.4897959183673469,0.35526315789473684,0.8081632653061225,0.03703548347659203,0.0628221585309033,0.04919521910657689,0.013586012652065521,0.021349289936266624,0.03460992737653318,0.029054289662535492,0.38008020119168273,0.5793421052631577
0,115,75.08165230250721,75.08165230250721,140,140,0.826530612244898,0.3,0.8122448979591836,0.04831266641625468,0.07496418794764562,0.053701038841910284,0.039164475892312894,0.051794134352802015,0.041141307423304296,0.03098019362559583,0.46207007637758957,0.11200000000000007
0,116,2.486316374365901,2.486316374365901,21,21,0.3333333333333333,0.2857142857142857,0.6000000000000001,0.0728620191992322,0.0,0.07555751251655937,0.06419710953216451,0.07613594223164555,0.0,0.0,0.2770529786542991,0.3147619047619048
0,117,10.099426358651584,10.099426358651584,71,71,0.4146341463414634,0.4225352112676056,0.8585365853658536,0.04581221899697719,0.0558830591403519,0.04337078392353596,0.04661438102824339,0.04503000721430362,0.06507866471910129,0.0297096164120783,0.299084113565243,0.5450704225352112
0,118,7.248425604064959,7.248425604064959,45,45,0.35714285714285715,0.37777777777777777,0.8785714285714286,0.05838536597713303,0.0747734366292094,0.057925460409460026,0.0474943415534194,0.05503608844115626,0.06735391695863047,0.045168955954815654,0.34606726697818196,0.35244444444444456
0,119,3.5142947063413033,3.5142947063413033,38,38,0.2916666666666667,0.3684210526315789,0.8166666666666667,0.04578975902679903,0.049571481402467046,0.04981547843093982,0.0,0.05405572560107913,0.040760434809223756,0.007297630146718137,0.35063757397181344,0.4013157894736842
0,120,18.16585049747261,18.16585049747261,67,67,0.5526315789473685,0.43283582089552236,0.8210526315789474,0.05458769777331228,0.058099506978716284,0.07190596254152044,0.04550963312366787,0.044392498394938806,0.04603782683635047,0.050318195812411134,0.3591323071246591,0.26776119402985077
0,121,60.529093724797235,60.529093724797235,140,140,0.6907216494845361,0.30714285714285716,0.843298969072165,0.04753750988888528,0.05798571848321997,0.04695907113419934,0.025907666281432946,0.05237078904822068,0.03187792221710291,0.0495245747477259,0.4264447366851287,0.13800000000000004
0,122,14.814595528543851,14.814595528543851,49,49,0.5428571428571428,0.2857142857142857,0.8571428571428572,0.03971031190245458,0.07288359489417169,0.0198363089443912,0.0,0.04142709123193501,0.04575991382238345,0.028382851728816726,0.33487498709621377,0.41693877551020403
0,123,5.853273464427629,5.853273464427629,43,43,0.36,0.4186046511627907,0.8400000000000001,0.052461905132755934,0.06107254356771733,0.07826168340021587,0.03498152165362233,0.03996266600220596,0.05135477070494295,0.04249092613798172,0.3083580423193351,0.42581395348837225
0,124,78.9567555377518,78.9567555377518,140,140,0.8804347826086957,0.34285714285714286,0.8456521739130435,0.05139849561804328,0.07075867330102364,0.048634725410850135,0.012618678886994453,0.05934412870276609,0.03822002732637552,0.03564441933837891,0.4920356071190563,0.03992857142857144
0,125,10.208972706143761,10.208972706143761,51,51,0.4857142857142857,0.3137254901960784,0.7714285714285715,0.05056351144266036,0.09534741535823082,0.06549154581701862,0.04180125444483201,0.03795441130800682,0.036764477266997726,0.049259908921890194,0.33675717527330795,0.4666666666666667
0,126,64.55877356564794,64.55877356564794,140,140,0.8117647058823529,0.39285714285714285,0.7882352941176471,0.039412836593648144,0.044423972693341696,0.053330062959656,0.03786819882340427,0.04178087700249329,0.030826678579985053,0.03178584420476762,0.4558553242556279,0.05535714285714287
0,127,16.30051667159839,16.30051667159839,92,92,0.4807692307692308,0.43478260869565216,0.7846153846153846,0.041298262921335434,0.05182231950551989,0.046533804084450334,0.02215359345522074,0.04185819093645847,0.041326401699998516,0.04282322479508549,0.31705912246722273,0.574782608695652
0,128,48.02818033632655,48.02818033632655,140,140,0.6770833333333334,0.3142857142857143,0.8458333333333333,0.042645639949957376,0.04843860121892239,0.04320290109075556,0.05016404595315239,0.041576999946597165,0.04078553091295645,0.03248540997391667,0.4170432654054303,0.5208571428571424
0,129,85.51793252124035,85.51793252124035,140,140,0.9361702127659575,0.32857142857142857,0.7617021276595746,0.05381900728433123,0.08020579923437449,0.062465810491308026,0.05135046902238527,0.04728464328047506,0.052051760430334645,0.03362873433375914,0.49118828361765704,0.01792857142857143
0,130,58.50252363063496,58.50252363063496,140,140,0.7528089887640449,0.36428571428571427,0.7932584269662921,0.052700262852331606,0.06495920720515978,0.056942612260991815,0.04940195702496392,0.05317336937332369,0.05245952832970949,0.0352279130963542,0.39295473066847947,0.23192857142857162
0,131,16.60354027342951,16.60354027342951,52,52,0.6216216216216216,0.28846153846153844,0.7783783783783784,0.05157660837441694,0.08039044621666416,0.053309009940480157,0.0,0.04890920028288757,0.0738063970148004,0.038282486269876334,0.3182310831552489,0.3380769230769231
0,132,54.78671912565196,54.78671912565196,140,140,0.6956521739130435,0.34285714285714286,0.7804347826086957,0.04781151597388599,0.08027421747385019,0.057345126701315086,0.03827142957288536,0.0581347355665189,0.036252169400780625,0.018987233457738433,0.43914977141467965,0.2865714285714285
0,133,83.29362415883513,83.29362415883513,140,140,0.8775510204081632,0.3,0.8285714285714285,0.05350087215788912,0.0932614115347022,0.0479008948568845,0.02406573834476297,0.0637449002687937,0.054013092327026904,0.04821450600771433,0.4533989874995585,0.04771428571428572
0,134,64.60792327564387,64.60792327564387,140,140,0.7010309278350515,0.30714285714285716,0.8639175257731959,0.05675104480486984,0.07393085318102932,0.05819456678069416,0.046784176146699274,0.06052545858897128,0.038951652201996166,0.0650598404483027,0.4017516994243879,0.14578571428571435
0,135,89.38047020729748,89.38047020729748,140,140,0.89,0.2857142857142857,0.88,0.05399090720510062,0.06684035598346684,0.06055139064083786,0.04423230952857039,0.0639271301836429,0.03192332889906241,0.03583747155205185,0.42433304816681205,0.025000000000000005
0,136,4.23617880426985,4.23617880426985,36,36,0.2857142857142857,0.4166666666666667,0.8285714285714286,0.049020520944590654,0.06654875705610509,0.05760275661915738,0.016190958868260608,0.04816443205259818,0.034830580330072296,0.0,0.32107925759601696,0.35083333333333333
0,137,0.515230008665412,0.515230008665412,26,26,0.17647058823529413,0.34615384615384615,0.7529411764705882,0.034958239670424184,0.03674511338025829,0.0,0.030383835462815006,0.0,0.03367169435456055,0.0,0.34937086317067806,0.37807692307692314
0,138,93.5673327889312,93.5673327889312,140,140,0.9230769230769231,0.2571428571428571,0.8423076923076923,0.05749809590593093,0.07360033169093348,0.05701479002777168,0.03986184313118977,0.06502999143491801,0.024235194288354484,0.044666511751134945,0.4549884687821842,0.013357142857142859
0,139,71.76771287279789,71.76771287279789,140,140,0.8641975308641975,0.42142857142857143,0.8074074074074075,0.05231174158317629,0.07237373077731898,0.06793398801361429,0.042864855968999804,0.03979475178649617,0.03904169125683813,0.029963101413278025,0.522142812878581,0.031071428571428583
0,140,72.74655846530771,72.74655846530771,140,140,0.8131868131868132,0.35,0.8285714285714285,0.04889000157566266,0.06283117225121519,0.053135363640029465,0.042626124590605066,0.03626377276856686,0.04915811876885108,0.034876750858975306,0.47743352854989063,0.0825714285714286
0,141,89.20007592764064,89.20007592764064,140,140,0.94,0.2857142857142857,0.76,0.048138533702107605,0.07845092396826053,0.05228817507622296,0.03269389037344888,0.04726643627064346,0.04836017346415761,0.03257255882512829,0.4296611363174379,0.03335714285714287
0,142,53.63346417984731,53.63346417984731,140,140,0.6746987951807228,0.40714285714285714,0.8578313253012049,0.04757645446077739,0.058902061303232896,0.05255060753629273,0.032549007871825214,0.05780297008707322,0.04424816209976806,0.038107999035795266,0.42914634561518566,0.1898571428571429
0,143,10.748761228956075,10.748761228956075,50,50,0.4864864864864865,0.26,0.8594594594594595,0.026953165170468432,0.009344948335256953,0.0,0.023523927925219706,0.02081374322504158,0.11049428566521108,0.019613299809029205,0.36616754770438437,0.5247999999999998
0,144,3.841720369727982,3.841720369727982,27,27,0.45,0.25925925925925924,0.8,0.038325672079999755,0.0,0.034082730717881815,0.034212904967516986,0.027783869497450403,0.0,0.05510171245609086,0.2772037179563148,0.6303703703703704
0,145,4.516808689580426,4.516808689580426,38,38,0.39285714285714285,0.2631578947368421,0.7571428571428571,0.04870441981916658,0.07275217932839004,0.041035729147005456,0.07000146695928655,0.043897170481291214,0.027914797417062487,0.0,0.36108186207957965,0.5471052631578948
0,146,0.8089622908499389,0.8089622908499389,32,32,0.2631578947368421,0.40625,0.7157894736842105,0.051323424952061054,0.06943211048876129,0.0599109378262176,0.04543416921760804,0.034927271949805105,0.03948416569901022,0.0,0.3162361350893111,0.4674999999999999
0,147,21.31058307379625,21.31058307379625,98,98,0.5483870967741935,0.3673469387755102,0.7387096774193549,0.03732453096153707,0.049481240715197355,0.04112655747673299,0.016902913747292747,0.03553068254922492,0.03934235226507916,0.022762775268529146,0.3644875866853656,0.48775510204081624
0,148,84.49915772532792,84.49915772532792,140,140,0.925531914893617,0.32857142857142857,0.7936170212765958,0.05540207100634283,0.06720508724681805,0.07684585114405651,0.050993830361922066,0.0578313337849115,0.04574988591911441,0.03467164651602721,0.4860730953837302,0.01792857142857143
0,149,63.799540910509535,63.799540910509535,140,140,0.7471264367816092,0.37857142857142856,0.871264367816092,0.052011038861737934,0.07600140371283731,0.04821558264824128,0.039080125936342046,0.048854205661386776,0.05548141452783716,0.03525690994575618,0.42444185342264446,0.11985714285714284
0,150,63.07743295544613,63.07743295544613,140,140,0.7613636363636364,0.37142857142857144,0.8431818181818183,0.048950746818140184,0.06949503030170541,0.05987692933294009,0.043929275767207926,0.05235988950639325,0.04019713275155603,0.03330863815481522,0.4708658784517963,0.19778571428571431
0,151,2.3411990235502285,2.3411990235502285,21,21,0.35714285714285715,0.3333333333333333,0.7571428571428571,0.05368580444870722,0.0,0.05262963177286009,0.0,0.03644264228133948,0.050916230312479174,0.061060831667137244,0.2705413539142347,0.37238095238095237
0,152,91.00581560279264,91.00581560279264,140,140,0.94,0.2857142857142857,0.76,0.0552808519488706,0.06820095627037452,0.056207949597622785,0.049787539471376846,0.057973507324695236,0.0413556867879688,0.030345999086963598,0.5183484864214501,0.01235714285714286
0,153,59.83497072903104,59.83497072903104,140,140,0.7586206896551724,0.37857142857142856,0.825287356321839,0.04846217302985587,0.05592356552859039,0.06723586762759587,0.04807363537257502,0.057997578229811025,0.038926818970061346,0.0349796115327844,0.4327187085824703,0.18685714285714283
0,154,2.0531891098738053,2.0531891098738053,24,24,0.375,0.3333333333333333,0.775,0.02350497264838719,0.0,0.006895613671950684,0.02606586169934715,0.0,0.04659341322317129,0.016424098272773448,0.3088230173096251,0.6216666666666666
0,155,69.14523142494696,69.14523142494696,140,140,0.8021978021978022,0.35,0.7956043956043957,0.054246879855299246,0.07988089618269185,0.07086134549733537,0.043770126346926945,0.04971810291341354,0.03113492616898664,0.04098630018049466,0.4338035136130846,0.06278571428571429
0,156,87.53548065712151,87.53548065712151,140,140,0.8584905660377359,0.24285714285714285,0.8320754716981132,0.05035503190888674,0.06848163631451028,0.0532955271020211,0.026150903273275395,0.06738757503497857,0.04309864512332354,0.034522718414782674,0.4405478275189633,0.04714285714285715
0,157,3.422411872611667,3.422411872611667,28,28,0.3684210526315789,0.32142857142857145,0.7157894736842105,0.04426112815662581,0.0829667330184749,0.028965426886469248,0.02115735187106199,0.04875666219746183,0.03301141814141284,0.05746335279925102,0.3350037054724738,0.3535714285714286
0,158,75.90108973182988,75.90108973182988,140,140,0.8586956521739131,0.34285714285714286,0.758695652173913,0.055796884756428716,0.06358871863451936,0.06282834448226478,0.04326209837194281,0.05762235520106047,0.051214044751736264,0.047446582065275515,0.4527587901910728,0.07135714285714287
0,159,40.3198785982277,40.3198785982277,140,140,0.631578947368421,0.32142857142857145,0.7578947368421053,0.051473918981328685,0.06707496106263468,0.06017556710907527,0.03568712158198009,0.05381769404162168,0.05509466677595241,0.03547533933049752,0.374902099489792,0.6140714285714279
0,160,1.4496798417947256,1.4496798417947256,29,29,0.2631578947368421,0.3448275862068966,0.7157894736842105,0.04866731870304068,0.07817155771666762,0.047924260981238254,0.054400587680400916,0.011935969672905777,0.032167014088022194,0.0,0.3004607605377334,0.42827586206896545
0,161,83.43725041860907,83.43725041860907,140,140,0.8958333333333334,0.3142857142857143,0.80625,0.045909860870868686,0.06367295423371355,0.05609369208685167,0.03901939635662501,0.052110072942664745,0.04796442841728578,0.03451199119008644,0.4492883641418859,0.03807142857142857
0,162,45.863941392888535,45.863941392888535,140,140,0.6559139784946236,0.3357142857142857,0.7978494623655914,0.04763252041778279,0.07205785579894132,0.043671489324184534,0.03064928615391057,0.039939593813263966,0.04423097305281865,0.05078140363438784,0.4284273549923579,0.40149999999999975
0,163,73.92900124418448,73.92900124418448,140,140,0.7872340425531915,0.32857142857142857,0.8787234042553191,0.05961068042184448,0.07291593282761924,0.06252545012102889,0.04015999015919268,0.04900635038502633,0.0567165958358779,0.05074107117961,0.4445126190288772,0.06571428571428575
0,164,3.587190383292364,3.587190383292364,30,30,0.4090909090909091,0.26666666666666666,0.7636363636363637,0.034687084762897336,0.041779272286391334,0.04531966209075783,0.021378837519466537,0.0,0.04169110886017213,0.018850025449775126,0.30046031085448993,0.5693333333333332
0,165,95.13618163298001,95.13618163298001,140,140,0.9504950495049505,0.2785714285714286,0.8158415841584159,0.05676358352134614,0.09126967755469699,0.06255084078984943,0.036500475284328426,0.0576845238654625,0.045390735009564906,0.035241665023460635,0.4589628341856688,0.013714285714285717
0,166,9.394175895031074,9.394175895031074,44,44,0.46875,0.2727272727272727,0.775,0.03985187618206199,0.06368465368116222,0.06771877808340726,0.01635738525539976,0.03977077208771873,0.02366227791928341,0.03597163714961826,0.33356958039259915,0.38772727272727286
0,167,12.129466397619014,12.129466397619014,66,66,0.42105263157894735,0.42424242424242425,0.9263157894736842,0.053505238307168676,0.05258451531978067,0.06586916238461478,0.008720211554873625,0.048080214958354406,0.05556652266706759,0.053850210679154874,0.3267013211999286,0.4393939393939393
0,168,66.7049986909106,66.7049986909106,140,140,0.797752808988764,0.36428571428571427,0.8404494382022472,0.054001368688975517,0.0864880829046087,0.0669475487383316,0.03118097215870822,0.047348453238769884,0.04936608030126675,0.03656607648787545,0.467600156833216,0.10292857142857145
0,169,70.84008780403332,70.84008780403332,140,140,0.7708333333333334,0.3142857142857143,0.8583333333333334,0.0540039967298015,0.08604084620034753,0.04713003524839199,0.04422388595455092,0.05469924847058816,0.04739322658989213,0.043128929977067916,0.42117588752902063,0.08371428571428574
0,170,8.864283882805921,8.864283882805921,46,46,0.45161290322580644,0.32608695652173914,0.8193548387096774,0.05229359869476948,0.08960444174675847,0.06377581237324122,0.052406134571002606,0.06914963928251139,0.02081443366498657,0.0,0.2804083278038806,0.4378260869565219
0,171,74.43524115939611,74.43524115939611,140,140,0.8494623655913979,0.3357142857142857,0.7548387096774194,0.06067014742564462,0.09494701726344042,0.05685363223134927,0.038969127177206714,0.0481255800755233,0.04306719966571431,0.047806904829625796,0.4395113945225809,0.052214285714285734
0,172,91.04016669184506,91.04016669184506,140,140,0.91,0.2857142857142857,0.79,0.06292404466254742,0.09003957769483341,0.06751661110368959,0.04491215544616851,0.0653308071492695,0.054973028547653964,0.053349640776612355,0.4600955551978505,0.021785714285714283
0,173,3.657350474882769,3.657350474882769,27,27,0.4117647058823529,0.37037037037037035,0.6941176470588235,0.04517055935249813,0.0,0.027068341915115174,0.05729790528565354,0.06001257446758639,0.028485859244512524,0.032934396403118155,0.2994615298477796,0.45185185185185184
0,174,17.47296679205418,17.47296679205418,77,77,0.5294117647058824,0.33766233766233766,0.7333333333333334,0.05209313608970787,0.07919809625766805,0.0246109764311149,0.0387390272114427,0.05182434062529626,0.03877384029430589,0.05895371144252002,0.33846400473824456,0.4377922077922079
0,175,79.92233053516557,79.92233053516557,140,140,0.8585858585858586,0.29285714285714287,0.7838383838383839,0.05009995316462785,0.0692959644925864,0.05908934955298381,0.04460038805267165,0.05182411334039663,0.0406761801790466,0.03893019857622347,0.42840891766908107,0.05692857142857144
0,176,56.83927802926422,56.83927802926422,140,140,0.6631578947368421,0.32142857142857145,0.7894736842105263,0.04956982241845254,0.08056293574658059,0.04355984204826394,0.03772210747169147,0.03323908898049209,0.038981904735567806,0.03626116738562063,0.45881302229026494,0.18578571428571433
0,177,11.617065306009316,11.617065306009316,48,48,0.45714285714285713,0.2708333333333333,0.8,0.05511454326444354,0.06666961873853335,0.04719547477745408,0.0,0.04477351319407483,0.0,0.042668949643027004,0.40274240063123173,0.335625
0,178,7.859512274691255,7.859512274691255,36,36,0.4642857142857143,0.2222222222222222,0.8285714285714285,0.055934084879826464,0.08310593833655053,0.06314345422653815,0.04987413897441275,0.0,0.0,0.03252333044592012,0.27374454810141413,0.44833333333333336
0,179,0.09771682825646005,0.09771682825646005,24,24,0.23529411764705882,0.2916666666666667,0.8117647058823529,0.04038078932327033,0.04457367288719941,0.04871306900954461,0.045098528862269505,0.0,0.0,0.006419839719935316,0.29251744464821905,0.5466666666666667
0,180,87.23170624901472,87.23170624901472,140,140,0.9468085106382979,0.32857142857142857,0.7936170212765958,0.048370440008221396,0.060204383205700686,0.05842136160701523,0.03993827287586165,0.05919373290852448,0.039240928299690274,0.024120741980910323,0.48666514141365885,0.014285714285714289
0,181,3.691439115026954,3.691439115026954,23,23,0.3888888888888889,0.21739130434782608,0.8111111111111111,0.08054285354272403,0.11001140603733214,0.07812641302669798,0.068225017811446,0.0,0.0,0.0,0.2768528756199701,0.42
0,182,51.892131728151114,51.892131728151114,140,140,0.631578947368421,0.32142857142857145,0.8210526315789474,0.05354003099330998,0.07959554427063423,0.061032054147250415,0.04216063229401555,0.046582224049495434,0.04185680964334738,0.03305506466277487,0.41955991643963164,0.2836428571428573
0,183,73.03224426767403,73.03224426767403,140,140,0.8125,0.3142857142857143,0.80625,0.05285361506047328,0.08532210852721872,0.0470719848236573,0.0400099231493416,0.060071348925050505,0.03468112606657572,0.039025216429573746,0.45785429623239166,0.06907142857142859
0,184,0.8600075434852897,0.8600075434852897,31,31,0.23529411764705882,0.45161290322580644,0.8117647058823529,0.03727182160964298,0.0542428414619156,0.024827012185198033,0.034848200232450256,0.011400920040624707,0.031238010150147294,0.038315471077946965,0.30341844783284544,0.47935483870967743
0,185,54.87932246625218,54.87932246625218,140,140,0.7282608695652174,0.34285714285714286,0.791304347826087,0.05253404309791294,0.07706893732708794,0.05667372484372322,0.042394983429506386,0.05003531757690699,0.05232626667188885,0.024348017867311795,0.4224007390638719,0.26271428571428584
0,186,17.507992087699574,17.507992087699574,66,66,0.5319148936170213,0.2878787878787879,0.8595744680851064,0.03992493055451304,0.08075346075134479,0.04272654189020696,0.03771371255259282,0.025022894683631836,0.024261719139513156,0.03741807568447497,0.35606183238807443,0.44045454545454543
0,187,4.50152107520026,4.50152107520026,37,37,0.43478260869565216,0.3783783783783784,0.7043478260869566,0.03834063942411862,0.0,0.0684250977029179,0.05806035249871564,0.033523799233392805,0.027368198515146217,0.02529740287221985,0.3051315597990819,0.44216216216216214
0,188,61.00346982719005,61.00346982719005,140,140,0.6836734693877551,0.3,0.8326530612244898,0.05124743640607249,0.05838265070429554,0.06597488268917341,0.0327772806945518,0.0585239979173078,0.028067597217970586,0.04962754609274485,0.39399951065246525,0.18585714285714294
0,189,62.643584627865955,62.643584627865955,140,140,0.7840909090909091,0.37142857142857144,0.7636363636363637,0.05490142522782726,0.08832120659992224,0.04693562348580553,0.03347580404267692,0.0629216821925798,0.05866694375674528,0.035425553474555595,0.4406179609502008,0.0877857142857143
0,190,69.89921251766346,69.89921251766346,140,140,0.8241758241758241,0.35,0.8175824175824176,0.04905066716789642,0.07651202529693396,0.04964716141127222,0.033496925686254425,0.04691376373579416,0.04382412694491435,0.037430603395749086,0.464794144577701,0.17942857142857138
0,191,96.47926297283011,96.47926297283011,140,140,0.9696969696969697,0.29285714285714287,0.8242424242424242,0.055123464657193755,0.07830961766350986,0.060694445456222684,0.028635359708349045,0.05538848185479545,0.04549604715513195,0.05118619202825965,0.45868954293689246,0.008499999999999999
0,192,61.06182819058087,61.06182819058087,140,140,0.6956521739130435,0.34285714285714286,0.8456521739130435,0.05931291624499976,0.07632836763794278,0.0772675115531306,0.04834669303159137,0.040331028699017585,0.0438275408665082,0.01751017975314706,0.423012091076259,0.11685714285714291
0,193,7.9009803336424405,7.9009803336424405,49,49,0.4230769230769231,0.46938775510204084,0.8538461538461539,0.05112928155878239,0.08206000951280824,0.08358347610051695,0.04229827161538187,0.04329877624405508,0.030100975008767104,0.02017710423366126,0.3485411826541364,0.39040816326530603
0,194,84.23625214595816,84.23625214595816,140,140,0.9278350515463918,0.30714285714285716,0.8020618556701031,0.05384735953074679,0.06178144061804368,0.06887977868566536,0.03864243287452911,0.06034960000864148,0.049090163457752606,0.03813466639217869,0.42270817823000534,0.014357142857142858
0,195,13.041989036908188,13.041989036908188,59,59,0.47058823529411764,0.423728813559322,0.8117647058823529,0.059812125083205214,0.06697043238014803,0.0858556893875017,0.03465585615512688,0.0,0.058385402033294134,0.043459881497887626,0.3478442424392411,0.27135593220338994
0,196,89.69748784825144,89.69748784825144,140,140,0.9473684210526315,0.32142857142857145,0.7894736842105263,0.05318139624588246,0.06632901307074507,0.050765005087455545,0.0478762674617861,0.046739515342638475,0.05659856252344713,0.045494396989756346,0.4354242969728406,0.014142857142857146
0,197,6.132596917552344,6.132596917552344,40,40,0.4583333333333333,0.4,0.9,0.03096687157505673,0.04350743272706973,0.05892835930070103,0.03363721462653767,0.03667007253171665,0.04052535768032772,0.01470154719840741,0.32326943812113007,0.5242500000000001
0,198,15.54414840046406,15.54414840046406,72,72,0.5,0.4166666666666667,0.8523809523809525,0.04034067514527984,0.055196901335591006,0.06136638273493256,0.02098377955552704,0.043161124038909655,0.036275625121819054,0.025947090257268067,0.3864994348886099,0.3718055555555556
0,199,7.637923450716172,7.637923450716172,40,40,0.5,0.4,0.7416666666666667,0.03915541527323422,0.0,0.07448981409710398,0.03560494222485856,0.0,0.04248736077586528,0.02045040987567053,0.30844435487428756,0.47525000000000006
0,200,78.21600915559887,78.21600915559887,140,140,0.8350515463917526,0.30714285714285716,0.8123711340206186,0.0582225901185627,0.07578261708123121,0.05830136689182477,0.04427180470672191,0.06381209279477114,0.05626193164004064,0.048583862740328554,0.44682393121056546,0.07507142857142858
0,201,4.215181085182935,4.215181085182935,29,29,0.36363636363636365,0.2413793103448276,0.9272727272727272,0.06834985983358707,0.10734664532466955,0.06534789006698077,0.0,0.060650071923753934,0.030577447925627665,0.0855270318367366,0.30890654292737924,0.49172413793103453
0,202,5.7748089288322735,5.7748089288322735,32,32,0.42857142857142855,0.34375,0.780952380952381,0.06325798465024372,0.0,0.06182007677855676,0.06698955717906308,0.0796310666751882,0.06455412041824053,0.05119325385980108,0.32122596104488993,0.39156250000000004
0,203,82.72806758408831,82.72806758408831,140,140,0.9052631578947369,0.32142857142857145,0.8105263157894738,0.05529086214237288,0.07415639303625393,0.07152454231109834,0.02695492616610866,0.03404792793212309,0.05244352193080056,0.04285013902772149,0.48879150888862216,0.026357142857142864
0,204,87.7369277326256,87.7369277326256,140,140,0.898989898989899,0.29285714285714287,0.8242424242424242,0.0530160966977211,0.09233202147997457,0.041342083877138405,0.04948500832605442,0.051271258619079975,0.03974606719020941,0.03207294335984804,0.46469150430230877,0.02492857142857143
0,205,61.33779247270136,61.33779247270136,140,140,0.6842105263157895,0.32142857142857145,0.7894736842105263,0.04982876854015076,0.059378883010451286,0.05072258208552627,0.0377081290101025,0.0456119580975814,0.061189094068337904,0.04481932118125628,0.4089999884941312,0.13135714285714295
0,206,61.093150806487905,61.093150806487905,140,140,0.7204301075268817,0.3357142857142857,0.7440860215053764,0.05476110976809605,0.0668898783709734,0.05542685667561519,0.0372489796383488,0.05935463741834478,0.056674240054724635,0.04268111816427063,0.40205436384364757,0.1576428571428572
0,207,45.51274297683292,45.51274297683292,140,140,0.6276595744680851,0.32857142857142857,0.8148936170212766,0.0435283092260232,0.06424068645018557,0.03356644115654901,0.04469529624925653,0.0491312982123226,0.03880880001654435,0.026472570905646652,0.4179992904145069,0.34400000000000036
0,208,56.49838276079036,56.49838276079036,140,140,0.7241379310344828,0.37857142857142856,0.7908045977011494,0.050930121039290295,0.07221385221510693,0.06168719441018416,0.036649051608079304,0.037087582793037754,0.05252629922279675,0.0432100903089424,0.40432558348260716,0.21978571428571447
0,209,3.020360414152215,3.020360414152215,26,26,0.3333333333333333,0.4230769230769231,0.8,0.056202519283200594,0.10799322575883641,0.06431233899120938,0.06099716983565115,0.05983725906937697,0.020161334210315074,0.039926538784526684,0.2857087226706868,0.3846153846153847
0,210,18.4625264880237,18.4625264880237,73,73,0.5111111111111111,0.3835616438356164,0.8666666666666667,0.05569534942348208,0.08190387421632767,0.07058694023046133,0.054156441556176715,0.04570307268731253,0.03526575016181137,0.05712243927733741,0.3617927748760058,0.34917808219178104
0,211,6.2117030986955895,6.2117030986955895,47,47,0.36666666666666664,0.3617021276595745,0.7333333333333334,0.06050561392821728,0.08265989772343692,0.05999809909282072,0.043144415699967846,0.05829101353713173,0.03046675238566532,0.0,0.359428693276203,0.44574468085106406
0,212,4.0884112630440255,4.0884112630440255,47,47,0.3076923076923077,0.44680851063829785,0.9307692307692308,0.03802368435705846,0.05603059082091994,0.04321094841505594,0.015572789974227017,0.04737691096010627,0.026158331500957754,0.022878803880656245,0.3471734156377877,0.6065957446808513
0,213,86.5760745372812,86.5760745372812,140,140,0.8773584905660378,0.24285714285714285,0.7867924528301887,0.05363023986835224,0.07322389590219856,0.07264511423562503,0.047364899037320475,0.048774434119285504,0.03239729639525864,0.03775467451499645,0.4664651892295433,0.04235714285714287
0,214,13.246089395779647,13.246089395779647,49,49,0.5,0.30612244897959184,0.9,0.04252221073804816,0.055089983077666715,0.06684056532360964,0.02364991920036308,0.052648001580803946,0.019767757632787708,0.019194874863542946,0.3254020301820424,0.3093877551020409
0,215,18.074639319415894,18.074639319415894,85,85,0.5192307692307693,0.38823529411764707,0.8423076923076923,0.04735901397894177,0.06389137074748955,0.056072509053241355,0.029362318268665893,0.03278955925773369,0.058772552381315166,0.04087880714019285,0.2903480682124947,0.5574117647058822
0,216,70.6851545824,70.6851545824,140,140,0.7978723404255319,0.32857142857142857,0.7829787234042553,0.050412831645937,0.05527262141387015,0.060880474050428034,0.04709084799419388,0.05726946300627722,0.030438681993594546,0.045298371873051115,0.4163132733542808,0.08114285714285717
0,217,-0.24358823211578567,-0.24358823211578567,21,21,0.25,0.42857142857142855,0.65,0.0405912793072004,0.04585277912562946,0.0,0.050650558030247685,0.0,0.0,0.025425074403660985,0.31753048286189606,0.591904761904762
0,218,20.451158770271924,20.451158770271924,91,91,0.5,0.4065934065934066,0.8629629629629629,0.044149352953711044,0.03966780965212497,0.06341135854298492,0.042392303435036804,0.035232854167040695,0.0335314017826863,0.04434913323215951,0.36449694400566757,0.4628571428571429
0,219,14.82901538486702,14.82901538486702,48,48,0.5882352941176471,0.2916666666666667,0.7823529411764706,0.04882169127764754,0.08972397843011626,0.04186996803043998,0.0,0.0333735924640436,0.07521114664461903,0.04007716446005412,0.3977866462132299,0.2543750000000001
0,220,15.283089672567977,15.283089672567977,71,71,0.5116279069767442,0.39436619718309857,0.772093023255814,0.045700341933090534,0.05988415669180385,0.05207607742006897,0.04149342093403981,0.032973229781611144,0.05545433120104791,0.02121803495925687,0.35384142867965745,0.500281690140845
0,221,1.0692329320138185,1.0692329320138185,22,22,0.26666666666666666,0.3181818181818182,0.8666666666666667,0.034500565920660926,0.0,0.0,0.03593304925448613,0.043347885836294925,0.011075992754092101,0.0,0.3088521493878724,0.5568181818181818
0,222,75.59290140738763,75.59290140738763,140,140,0.7938144329896907,0.30714285714285716,0.8845360824742268,0.05340009891388982,0.08137622263266403,0.07028585890424481,0.024334289501446026,0.051943799368913246,0.048149181710049206,0.02515590962786232,0.41378572894271,0.10357142857142862
0,223,64.11536950908372,64.11536950908372,140,140,0.7029702970297029,0.2785714285714286,0.7960396039603961,0.05943383117353838,0.07356112687320324,0.05772128296745794,0.06006681253448387,0.04025850746768292,0.06265186706925284,0.04228323662332847,0.434178944520452,0.0995714285714286
0,224,12.096651580443996,12.096651580443996,51,51,0.53125,0.37254901960784315,0.68125,0.050802210991544854,0.032710712107147155,0.0,0.05365840198214829,0.06369253388835523,0.048039624988906494,0.030578074906290997,0.2978933361500152,0.39705882352941185
0,225,77.99789596904145,77.99789596904145,140,140,0.8118811881188119,0.2785714285714286,0.8356435643564357,0.058165943119955495,0.09446956770908246,0.06901855216247968,0.04115560581978513,0.06103815497590893,0.04734306352371448,0.03399584706311944,0.40425731601936055,0.07407142857142858
0,226,3.3948824811655545,3.3948824811655545,37,37,0.30434782608695654,0.3783783783783784,0.808695652173913,0.05614612923309519,0.0812168342486863,0.0,0.04475075123021082,0.048092071132348424,0.04836411484383723,0.06262836566498914,0.3376650111759062,0.431891891891892
0,227,11.495153506685902,11.495153506685902,43,43,0.48484848484848486,0.23255813953488372,0.8545454545454545,0.05267302439463412,0.08284294875861375,0.041122612587523415,0.046619111022166565,0.0,0.06811806372246931,0.06536753467619724,0.3288775030419184,0.3830232558139535
0,228,33.207104639876654,33.207104639876654,140,140,0.5609756097560976,0.4142857142857143,0.8463414634146342,0.04319203127538254,0.06647528502129668,0.059617215737525264,0.033642410515156936,0.039775788258250865,0.0339442287411934,0.030917392559957554,0.4027816161543537,0.5259999999999995
0,229,56.665176065264724,56.665176065264724,140,140,0.6774193548387096,0.3357142857142857,0.7763440860215054,0.060340872300693446,0.08576529971496993,0.05327997630807703,0.04733325828316196,0.04695886482917285,0.053124002729719184,0.03292858183225326,0.45718869545599755,0.14821428571428577
0,230,7.460493501094696,7.460493501094696,28,28,0.5,0.21428571428571427,0.9,0.031154129620497722,0.0,0.06526994511856929,0.0,0.0,0.030166900994639773,0.0,0.33499841204251496,0.3128571428571429
0,231,91.35604027580473,91.35604027580473,140,140,0.8952380952380953,0.25,0.8666666666666667,0.05681697420665884,0.06865786157172518,0.07556294121604552,0.0482147105384717,0.05929050129715782,0.06859709017736391,0.04518216025399617,0.44438742247018365,0.02492857142857143
0,232,1.0334845751045387,1.0334845751045387,31,31,0.21052631578947367,0.3870967741935484,0.7157894736842105,0.05177522694543407,0.08494630291232402,0.04251676909663252,0.04064033453906325,0.03429363819314858,0.034326105799371634,0.0,0.31824637469291894,0.42258064516129035
0,233,71.39754205586317,71.39754205586317,140,140,0.776595744680851,0.32857142857142857,0.8361702127659575,0.055999716908488886,0.07647312673589625,0.0727258763394556,0.04021132934647131,0.04315117400932474,0.03215296421960982,0.04709935496491974,0.47834176914370025,0.07992857142857143
0,234,86.79458073509687,86.79458073509687,140,140,0.8737864077669902,0.2642857142857143,0.8174757281553399,0.05726791682423944,0.08990852375030747,0.07976079915405349,0.044767296434467516,0.042640836834949104,0.049179588448355266,0.03163313994880396,0.41879504411279245,0.049714285714285725
0,235,65.36311953747088,65.36311953747088,140,140,0.75,0.3142857142857143,0.7958333333333334,0.05295390403592555,0.08074853142949569,0.05600239257834261,0.03654862080456504,0.04189876553049169,0.049631708060635715,0.035000818523204205,0.4742158131049729,0.12457142857142861
0,236,0.8321982091739056,0.8321982091739056,22,22,0.35714285714285715,0.36363636363636365,0.6142857142857143,0.04356677362268251,0.0,0.0,0.052771407027397355,0.04675304004466001,0.04042677266390579,0.040467718845643715,0.3142500612796741,0.4190909090909092
0,237,76.28557781150774,76.28557781150774,140,140,0.851063829787234,0.32857142857142857,0.8361702127659575,0.05612193019817958,0.0831000877389884,0.04821584870828893,0.02957653703176323,0.06405120226841429,0.04344045540292288,0.048784880328425886,0.4146138992081049,0.06335714285714288
0,238,62.27485776552651,62.27485776552651,140,140,0.73,0.2857142857142857,0.76,0.055030977368649904,0.06788250296889689,0.06723901063133271,0.044096895080738635,0.055617703442805665,0.042001068689080344,0.04816992529010388,0.3938898038280673,0.15242857142857144
0,239,51.48174652525991,51.48174652525991,140,140,0.6818181818181818,0.37142857142857144,0.8545454545454545,0.04430599407822928,0.06446724117198435,0.047019413430298744,0.02519183757652675,0.05041069610823752,0.03628598946889693,0.0377417047173976,0.41207335987433064,0.41207142857142814
0,240,70.01414726815479,70.01414726815479,140,140,0.7755102040816326,0.3,0.7979591836734694,0.06022880615119228,0.08720056701468125,0.06976899064322314,0.047480185020548266,0.05891783545062306,0.05488106963315028,0.03983347908854448,0.4174798818808066,0.08814285714285716
0,241,6.342212304777908,6.342212304777908,33,33,0.44,0.24242424242424243,0.8400000000000001,0.03880765554203312,0.08215069214405678,0.04818126673500092,0.01476495915641396,0.0006947586333064248,0.0,0.01957264963201527,0.32363983703705873,0.4736363636363637
0,242,0.3909928288414112,0.3909928288414112,37,37,0.17647058823529413,0.5405405405405406,0.8705882352941177,0.04115404976673624,0.08024095794036622,0.08012621533164982,0.0052880712946626884,0.026690336683217852,0.05257723192958244,0.014728262512068121,0.2808358711131326,0.518108108108108
0,243,94.20106778172756,94.20106778172756,140,140,0.9519230769230769,0.2571428571428571,0.7557692307692307,0.0515196813375778,0.04898080206775568,0.058387309476935746,0.030501039077340177,0.04814780380085001,0.05444289499296849,0.05593224934751053,0.4866552081865603,0.00892857142857143
0,244,90.3475302083588,90.3475302083588,140,140,0.9019607843137255,0.2714285714285714,0.8470588235294118,0.05792262880276626,0.08774120931566215,0.07453168779738283,0.036017748833689564,0.04469058559028926,0.04288906266979686,0.04307495021728284,0.41134183431702237,0.030142857142857155
0,245,78.66314693384624,78.66314693384624,140,140,0.8095238095238095,0.25,0.8,0.04431437345215234,0.06384698663479405,0.056987814346008595,0.02724698766347675,0.04265264624425499,0.05547281873543141,0.010646338216146689,0.4295559900191121,0.12142857142857148
0,246,57.332136048322624,57.332136048322624,140,140,0.6907216494845361,0.30714285714285716,0.7711340206185567,0.04902209871095704,0.08519597929750035,0.05226501741308636,0.035242414740957295,0.05223081221001184,0.035256753425678466,0.024376429362748166,0.42533375712301974,0.19685714285714287
0,247,14.659622967047836,14.659622967047836,77,77,0.5227272727272727,0.42857142857142855,0.7181818181818183,0.0449347463884901,0.05494675334311681,0.04626812560103514,0.0502609364295483,0.05342048883575842,0.0314706464732842,0.03257158130541255,0.3913148163617098,0.5701298701298698
0,248,13.568042349204203,13.568042349204203,69,69,0.47619047619047616,0.391304347826087,0.7095238095238096,0.05767859242236656,0.06267984471141617,0.06769640474981745,0.04809541163331575,0.050974366643099914,0.06618537785040692,0.023173734689693803,0.3582117241860668,0.39086956521739136
0,249,5.635427679397264,5.635427679397264,48,48,0.36,0.4791666666666667,0.88,0.04046795878811547,0.05911600101779124,0.047595422159515455,0.04962522819361209,0.018032587839407338,0.03307800901349792,0.036033840867586486,0.34597706854741533,0.5579166666666667
0,250,3.8522216929105886,3.8522216929105886,31,31,0.3888888888888889,0.41935483870967744,0.788888888888889,0.045023026207050496,0.07668067674020772,0.0,0.018896055839694725,0.0,0.036992861389731325,0.05285424710459256,0.28228928653390306,0.5403225806451613
0,251,4.864240079273941,4.864240079273941,37,37,0.4090909090909091,0.40540540540540543,0.7181818181818183,0.03731777714922817,0.04032237212472828,0.08175675293595591,0.08389630575650331,0.01215706455767962,0.02026326551001767,0.03336660351400765,0.3612384684484621,0.5151351351351349
0,252,70.34186648504809,70.34186648504809,140,140,0.7731958762886598,0.30714285714285716,0.8329896907216495,0.057023299408972855,0.07174657475509065,0.07051112508267694,0.048111550660914236,0.053333237814635885,0.05384094460887181,0.043258375005427736,0.41878545617139973,0.0867857142857143
0,253,62.5978101734341,62.5978101734341,140,140,0.7142857142857143,0.3,0.8081632653061225,0.050018020151757055,0.08433324840478647,0.05614584658130335,0.047812393115997484,0.046596191754799156,0.04791090588390416,0.03292778929789091,0.4455037292035367,0.1834285714285715
0,254,15.65578942882739,15.65578942882739,58,58,0.5365853658536586,0.29310344827586204,0.7902439024390244,0.04990025372812369,0.07908368992876641,0.05653843844750536,0.02335802139642686,0.056528700083393654,0.052247646169164906,0.03379977675590787,0.3870399810241831,0.335689655172414
0,255,71.16112942405334,71.16112942405334,140,140,0.8064516129032258,0.3357142857142857,0.7870967741935484,0.051798863886123515,0.06863366679864917,0.06964038898023449,0.02863242369825817,0.06114807960327549,0.029962846689920778,0.039447324439193035,0.4721298555202464,0.06271428571428572
0,256,34.536453395022775,34.536453395022775,107,107,0.6081081081081081,0.308411214953271,0.8621621621621622,0.04435015710575968,0.07613086242461647,0.05538236433465216,0.04123069560929755,0.03916605970807456,0.04156256308681352,0.04239699392670026,0.4007411066631242,0.35579439252336437
0,257,5.27520816855981,5.27520816855981,26,26,0.42857142857142855,0.19230769230769232,0.780952380952381,0.032981872468970545,0.018548519333979774,0.0,0.037828235470190597,0.0,0.05795081337474936,0.01759992169696245,0.28260439853289504,0.45076923076923087
0,258,53.00332111058723,53.00332111058723,140,140,0.6526315789473685,0.32142857142857145,0.8105263157894738,0.05231150156631302,0.07507961197264765,0.04817369912063183,0.049910307320372035,0.05183778281607739,0.05388050000490491,0.029460084991057612,0.4256710503943888,0.2412142857142858
0,259,80.6793200281945,80.6793200281945,140,140,0.845360824742268,0.30714285714285716,0.8536082474226805,0.05309102545462488,0.0855858075424957,0.05668252069215064,0.037323577114556444,0.0655933535617594,0.05297462939945145,0.03095293169708989,0.42860556632413427,0.04950000000000001
0,260,59.98331688274369,59.98331688274369,140,140,0.6836734693877551,0.3,0.8387755102040817,0.0528361042749642,0.06445211212666548,0.05775506374952304,0.034200065204690946,0.05208743184498259,0.054549033782643044,0.03952326620574668,0.4746810119588586,0.20900000000000007
0,261,79.79667834845293,79.79667834845293,140,140,0.8217821782178217,0.2785714285714286,0.8455445544554456,0.05334492316229395,0.09469869931663816,0.0722614320121004,0.03318282424166444,0.0516339361300954,0.03947289114857846,0.03831933612106583,0.4302095872082171,0.05635714285714287
0,262,22.58738464276908,22.58738464276908,76,76,0.58,0.34210526315789475,0.8,0.061343623500768905,0.08182961396839158,0.08213131238379426,0.04392111925796439,0.032905967778838065,0.06243052990516713,0.04047559375255538,0.3469944947173834,0.31184210526315786
0,263,3.1123330222790297,3.1123330222790297,27,27,0.4,0.25925925925925924,0.8,0.04440755349257102,0.06596825108421706,0.0,0.06111768192035145,0.05067452796030328,0.012363404243672937,0.025646927786578122,0.25479330140079404,0.5574074074074074
0,264,18.148813828687423,18.148813828687423,69,69,0.5714285714285714,0.391304347826087,0.7571428571428571,0.04885467475312705,0.0805836229480696,0.05913924094089099,0.023013832481033274,0.05008906864000075,0.03216731235002764,0.042812414291611936,0.38388613110564784,0.4101449275362317
0,265,71.34603315447474,71.34603315447474,140,140,0.8620689655172413,0.37857142857142856,0.767816091954023,0.05079386159874123,0.06851273654085,0.05740487998835763,0.03482462940810495,0.05640087306894205,0.03395308343633475,0.050215825921733265,0.45918979373134616,0.06121428571428574
0,266,56.777012450192885,56.777012450192885,140,140,0.6632653061224489,0.3,0.7775510204081633,0.04986563006198723,0.0694183064434999,0.0717866694712019,0.02621123425365351,0.04615490266260889,0.045303104257647164,0.03024142792110529,0.41338716028086225,0.1862142857142858
0,267,22.06375920908674,22.06375920908674,73,73,0.5769230769230769,0.2876712328767123,0.8153846153846154,0.05008703464217094,0.08194418722685207,0.0504983475300659,0.03222855115555184,0.034583912750619436,0.0660478680747422,0.026886010527098568,0.3411887400207726,0.2554794520547946
0,268,80.53764929407754,80.53764929407754,140,140,0.8936170212765957,0.32857142857142857,0.7510638297872341,0.05470809549699604,0.07167732094034499,0.07576130454310445,0.04096172873310778,0.04518297942788415,0.041142855452196474,0.045672698127376336,0.4669669244907978,0.03257142857142858
0,269,72.59854365767805,72.59854365767805,140,140,0.8105263157894737,0.32142857142857145,0.8105263157894738,0.05021632893466617,0.0678916186918306,0.0504928003557371,0.04382516743144285,0.03975950377171742,0.04367098969491423,0.03401199193902931,0.42838973489360016,0.12800000000000003
0,270,87.04847399227363,87.04847399227363,140,140,0.87,0.2857142857142857,0.8500000000000001,0.058011953865358415,0.08883237630843262,0.05891293474489798,0.03921871324930161,0.06226248821382611,0.04095471362150392,0.01886195882184342,0.43223255927907134,0.02892857142857143
0,271,94.71460357055415,94.71460357055415,140,140,0.9509803921568627,0.2714285714285714,0.8607843137254902,0.0520528136507292,0.06446246211971426,0.0594273926724365,0.044551072446344944,0.05401107981906705,0.04473169163336433,0.041907397354135116,0.46416426017310736,0.012714285714285716
0,272,74.94720997035904,74.94720997035904,140,140,0.7904761904761904,0.25,0.7904761904761906,0.051451079151570614,0.07998571221680284,0.06968766761453621,0.035673656940919486,0.032379848376713684,0.04851922481389432,0.03418582994501326,0.44250252064022705,0.14007142857142862
0,273,70.58390022670194,70.58390022670194,140,140,0.8,0.32142857142857145,0.8421052631578947,0.05656121856247173,0.08450481843892393,0.05352388549056023,0.03553325666810089,0.051133190733630075,0.04674714848646036,0.039573712131838766,0.41080911647690715,0.18835714285714278
0,274,5.516907815791788,5.516907815791788,41,41,0.44,0.3902439024390244,0.8,0.04001064286484937,0.04335917195038328,0.0,0.04234608428587223,0.03411235020130245,0.03657240255793123,0.046449320335482915,0.3348012742028008,0.5458536585365853
0,275,0.305155119768187,0.305155119768187,19,19,0.16666666666666666,0.3684210526315789,0.9,0.0515544453649127,0.0,0.06373407174551554,0.053508358864682866,0.014108240706468766,0.06125686425417798,0.0,0.3329446773344802,0.40473684210526323
0,276,55.518973946274556,55.518973946274556,140,140,0.7111111111111111,0.35714285714285715,0.788888888888889,0.056319792654274003,0.06394225099266537,0.0787182147503911,0.05443475997866165,0.04545821554116693,0.055087225190584815,0.03836842005262907,0.47397930690348006,0.1601428571428572
0,277,10.513390338627259,10.513390338627259,49,49,0.4857142857142857,0.2857142857142857,0.8,0.05613546939871838,0.10187196454478994,0.06717187410198111,0.0,0.0435237487149052,0.05210700425657921,0.017733668545533154,0.33083380182357547,0.3559183673469388
0,278,27.47596447963852,27.47596447963852,124,124,0.5671641791044776,0.4596774193548387,0.7432835820895523,0.04174455240352948,0.06092120107697302,0.03861846719271792,0.027354438635399443,0.06102673982743818,0.03278258584911491,0.03882159572191657,0.3902159400452064,0.4844354838709677
0,279,58.99859305144022,58.99859305144022,140,140,0.71875,0.3142857142857143,0.7854166666666667,0.04931047408705844,0.07317796264752566,0.0564338092158866,0.0372846825296277,0.03826353275112429,0.04090722946267792,0.03972316097171012,0.4348638656507895,0.2902142857142857
0,280,1.2570776830998542,1.2570776830998542,22,22,0.2857142857142857,0.36363636363636365,0.7714285714285715,0.03859299076704339,0.0,0.0,0.013888965304341083,0.042266866355088514,0.07414826065412282,0.034246776204901186,0.3026254512721247,0.4395454545454545
0,281,9.055019592932844,9.055019592932844,38,38,0.48148148148148145,0.2894736842105263,0.6962962962962963,0.05648247116284857,0.06362625187477218,0.0,0.06645147125782211,0.042442170093750245,0.055652536139711634,0.0,0.33203066575289625,0.4415789473684212
0,282,85.86600361825744,85.86600361825744,140,140,0.8504672897196262,0.2357142857142857,0.783177570093458,0.05116465336130792,0.07380032503424543,0.06009677756364187,0.03208363227038755,0.04622376843838235,0.04670458821968892,0.020013720580770483,0.4637516048439703,0.06292857142857144
0,283,54.98011641591088,54.98011641591088,140,140,0.6388888888888888,0.22857142857142856,0.7981481481481482,0.04789634294642352,0.06506081419781347,0.04072091311855582,0.05248514968775893,0.04063056867206442,0.0680490943528976,0.008153685562063695,0.4355162016005561,0.33749999999999997
0,284,0.09054354501578638,0.09054354501578638,25,25,0.16666666666666666,0.28,0.8666666666666667,0.060681264610722825,0.0703195830444705,0.0574684917994736,0.0,0.0,0.0,0.0,0.32286961818986093,0.4907999999999999
0,285,85.56055922643071,85.56055922643071,140,140,0.8888888888888888,0.29285714285714287,0.793939393939394,0.05915288648635532,0.08374844983617058,0.033741974760380114,0.044392152944898365,0.059900763166996676,0.05960570382628439,0.05662140241384426,0.4506700017937159,0.038642857142857145
0,286,8.280949582768493,8.280949582768493,61,61,0.4411764705882353,0.4426229508196721,0.8117647058823529,0.04548833725723491,0.0596073925407828,0.05977682682399136,0.028150394210746554,0.05663365974633576,0.03842600722197741,0.028473305012488126,0.3383990260670945,0.6001639344262292
0,287,6.561642936915517,6.561642936915517,39,39,0.4166666666666667,0.38461538461538464,0.8166666666666667,0.0506802857644582,0.0,0.05040781686070811,0.03768391537073909,0.044210428924291736,0.07196525385884815,0.0558763395516204,0.350809551122803,0.5038461538461538
0,288,91.94897570543462,91.94897570543462,140,140,0.9484536082474226,0.30714285714285716,0.822680412371134,0.04984405136212821,0.061653815072157045,0.05328793741168815,0.0422329904822645,0.04641000942231023,0.05647612826630915,0.034511587544845866,0.44149556347624774,0.012000000000000002
0,289,57.71389783468104,57.71389783468104,140,140,0.7191011235955056,0.36428571428571427,0.7730337078651686,0.049646700310409575,0.07445811742916089,0.05621428899924155,0.03329518265600674,0.0607599932320651,0.03382990271642115,0.03063729173662353,0.42935819053716623,0.25328571428571434
0,290,3.4857408755262846,3.4857408755262846,33,33,0.3684210526315789,0.42424242424242425,0.8210526315789474,0.05260687567523071,0.04974764103538509,0.057959432421520955,0.039902184041793444,0.11365028739458613,0.0,0.0430149964982568,0.2983402597803341,0.503939393939394
0,291,89.34144432072883,89.34144432072883,140,140,0.9081632653061225,0.3,0.8591836734693878,0.044429682595903366,0.06572838384530423,0.07547558659516862,0.04403568506999772,0.03643428902543576,0.04395467533686565,0.029915178017445074,0.4114233110281936,0.023642857142857146
0,292,6.23016610279129,6.23016610279129,53,53,0.3103448275862069,0.4528301886792453,0.8137931034482759,0.06032386522112705,0.08807631106513412,0.07201182307916772,0.021917424057010068,0.05963285564617821,0.028951525357343105,0.05050056782787608,0.2919071785655081,0.3769811320754718
0,293,3.5954552617393047,3.5954552617393047,40,40,0.3181818181818182,0.45,0.9,0.05155366966417019,0.07299973094437275,0.04411006679028798,0.043848495883488964,0.04498959548545112,0.06676501165134009,0.03652192692781384,0.31006274439951476,0.6037499999999998
0,294,9.956272489791585,9.956272489791585,41,41,0.52,0.3902439024390244,0.8400000000000001,0.0487342594552058,0.0771039033644169,0.0,0.01572988325146385,0.0230821769786803,0.02442298688680805,0.04616078826094958,0.40581092452587497,0.44024390243902434
